AACGTGATAACGTGAT,1,0,0,9,1706
AACGTGATAAACATCG,1,1,0,43,1706
AACGTGATATGCCTAA,1,2,0,78,1706
AACGTGATAGTGGTCA,1,3,0,113,1706
AACGTGATACCACTGT,1,4,0,147,1706
AACGTGATACATTGGC,1,5,0,182,1706
AACGTGATCAGATCTG,1,6,0,217,1706
AACGTGATCATCAAGT,0,7,0,251,1706
AACGTGATCGCTGATC,0,8,0,286,1706
AACGTGATACAAGCTA,0,9,0,320,1706
AACGTGATCTGTAGCC,0,10,0,355,1706
AACGTGATAGTACAAG,0,11,0,390,1706
AACGTGATAACAACCA,0,12,0,424,1706
AACGTGATAACCGAGA,0,13,0,459,1706
AACGTGATAACGCTTA,0,14,0,494,1706
AACGTGATAAGACGGA,1,15,0,528,1706
AACGTGATAAGGTACA,1,16,0,563,1706
AACGTGATACACAGAA,1,17,0,598,1706
AACGTGATACAGCAGA,1,18,0,632,1706
AACGTGATACCTCCAA,1,19,0,667,1706
AACGTGATACGCTCGA,1,20,0,702,1706
AACGTGATACGTATCA,1,21,0,736,1706
AACGTGATACTATGCA,1,22,0,771,1706
AACGTGATAGAGTCAA,1,23,0,806,1706
AACGTGATAGATCGCA,1,24,0,840,1706
AACGTGATAGCAGGAA,1,25,0,875,1706
AACGTGATAGTCACTA,1,26,0,909,1706
AACGTGATATCCTGTA,1,27,0,944,1706
AACGTGATATTGAGGA,1,28,0,979,1706
AACGTGATCAACCACA,1,29,0,1013,1706
AACGTGATGACTAGTA,1,30,0,1048,1706
AACGTGATCAATGGAA,1,31,0,1083,1706
AACGTGATCACTTCGA,1,32,0,1117,1706
AACGTGATCAGCGTTA,1,33,0,1152,1706
AACGTGATCATACCAA,1,34,0,1187,1706
AACGTGATCCAGTTCA,1,35,0,1221,1706
AACGTGATCCGAAGTA,1,36,0,1256,1706
AACGTGATCCGTGAGA,1,37,0,1291,1706
AACGTGATCCTCCTGA,1,38,0,1325,1706
AACGTGATCGAACTTA,1,39,0,1360,1706
AACGTGATCGACTGGA,0,40,0,1395,1706
AACGTGATCGCATACA,1,41,0,1429,1706
AACGTGATCTCAATGA,1,42,0,1464,1706
AACGTGATCTGAGCCA,1,43,0,1498,1706
AACGTGATCTGGCATA,1,44,0,1533,1706
AACGTGATGAATCTGA,1,45,0,1568,1706
AACGTGATCAAGACTA,1,46,0,1602,1706
AACGTGATGAGCTGAA,1,47,0,1637,1706
AACGTGATGATAGACA,1,48,0,1672,1706
AACGTGATGCCACATA,1,49,0,1706,1706
AAACATCGAACGTGAT,1,0,1,9,1672
AAACATCGAAACATCG,1,1,1,43,1672
AAACATCGATGCCTAA,1,2,1,78,1672
AAACATCGAGTGGTCA,1,3,1,113,1672
AAACATCGACCACTGT,1,4,1,147,1672
AAACATCGACATTGGC,1,5,1,182,1672
AAACATCGCAGATCTG,1,6,1,217,1672
AAACATCGCATCAAGT,0,7,1,251,1672
AAACATCGCGCTGATC,0,8,1,286,1672
AAACATCGACAAGCTA,0,9,1,320,1672
AAACATCGCTGTAGCC,0,10,1,355,1672
AAACATCGAGTACAAG,0,11,1,390,1672
AAACATCGAACAACCA,0,12,1,424,1672
AAACATCGAACCGAGA,0,13,1,459,1672
AAACATCGAACGCTTA,0,14,1,494,1672
AAACATCGAAGACGGA,1,15,1,528,1672
AAACATCGAAGGTACA,1,16,1,563,1672
AAACATCGACACAGAA,1,17,1,598,1672
AAACATCGACAGCAGA,1,18,1,632,1672
AAACATCGACCTCCAA,1,19,1,667,1672
AAACATCGACGCTCGA,1,20,1,702,1672
AAACATCGACGTATCA,1,21,1,736,1672
AAACATCGACTATGCA,1,22,1,771,1672
AAACATCGAGAGTCAA,1,23,1,806,1672
AAACATCGAGATCGCA,1,24,1,840,1672
AAACATCGAGCAGGAA,1,25,1,875,1672
AAACATCGAGTCACTA,1,26,1,909,1672
AAACATCGATCCTGTA,1,27,1,944,1672
AAACATCGATTGAGGA,1,28,1,979,1672
AAACATCGCAACCACA,1,29,1,1013,1672
AAACATCGGACTAGTA,1,30,1,1048,1672
AAACATCGCAATGGAA,1,31,1,1083,1672
AAACATCGCACTTCGA,1,32,1,1117,1672
AAACATCGCAGCGTTA,1,33,1,1152,1672
AAACATCGCATACCAA,1,34,1,1187,1672
AAACATCGCCAGTTCA,1,35,1,1221,1672
AAACATCGCCGAAGTA,1,36,1,1256,1672
AAACATCGCCGTGAGA,1,37,1,1291,1672
AAACATCGCCTCCTGA,1,38,1,1325,1672
AAACATCGCGAACTTA,1,39,1,1360,1672
AAACATCGCGACTGGA,1,40,1,1395,1672
AAACATCGCGCATACA,1,41,1,1429,1672
AAACATCGCTCAATGA,1,42,1,1464,1672
AAACATCGCTGAGCCA,1,43,1,1498,1672
AAACATCGCTGGCATA,1,44,1,1533,1672
AAACATCGGAATCTGA,1,45,1,1568,1672
AAACATCGCAAGACTA,1,46,1,1602,1672
AAACATCGGAGCTGAA,1,47,1,1637,1672
AAACATCGGATAGACA,1,48,1,1672,1672
AAACATCGGCCACATA,1,49,1,1706,1672
ATGCCTAAAACGTGAT,0,0,2,9,1637
ATGCCTAAAAACATCG,1,1,2,43,1637
ATGCCTAAATGCCTAA,1,2,2,78,1637
ATGCCTAAAGTGGTCA,1,3,2,113,1637
ATGCCTAAACCACTGT,1,4,2,147,1637
ATGCCTAAACATTGGC,1,5,2,182,1637
ATGCCTAACAGATCTG,0,6,2,217,1637
ATGCCTAACATCAAGT,0,7,2,251,1637
ATGCCTAACGCTGATC,0,8,2,286,1637
ATGCCTAAACAAGCTA,0,9,2,320,1637
ATGCCTAACTGTAGCC,0,10,2,355,1637
ATGCCTAAAGTACAAG,0,11,2,390,1637
ATGCCTAAAACAACCA,0,12,2,424,1637
ATGCCTAAAACCGAGA,0,13,2,459,1637
ATGCCTAAAACGCTTA,0,14,2,494,1637
ATGCCTAAAAGACGGA,1,15,2,528,1637
ATGCCTAAAAGGTACA,1,16,2,563,1637
ATGCCTAAACACAGAA,1,17,2,598,1637
ATGCCTAAACAGCAGA,1,18,2,632,1637
ATGCCTAAACCTCCAA,1,19,2,667,1637
ATGCCTAAACGCTCGA,1,20,2,702,1637
ATGCCTAAACGTATCA,1,21,2,736,1637
ATGCCTAAACTATGCA,1,22,2,771,1637
ATGCCTAAAGAGTCAA,1,23,2,806,1637
ATGCCTAAAGATCGCA,1,24,2,840,1637
ATGCCTAAAGCAGGAA,1,25,2,875,1637
ATGCCTAAAGTCACTA,1,26,2,909,1637
ATGCCTAAATCCTGTA,1,27,2,944,1637
ATGCCTAAATTGAGGA,1,28,2,979,1637
ATGCCTAACAACCACA,1,29,2,1013,1637
ATGCCTAAGACTAGTA,1,30,2,1048,1637
ATGCCTAACAATGGAA,1,31,2,1083,1637
ATGCCTAACACTTCGA,1,32,2,1117,1637
ATGCCTAACAGCGTTA,0,33,2,1152,1637
ATGCCTAACATACCAA,1,34,2,1187,1637
ATGCCTAACCAGTTCA,1,35,2,1221,1637
ATGCCTAACCGAAGTA,1,36,2,1256,1637
ATGCCTAACCGTGAGA,1,37,2,1291,1637
ATGCCTAACCTCCTGA,1,38,2,1325,1637
ATGCCTAACGAACTTA,1,39,2,1360,1637
ATGCCTAACGACTGGA,1,40,2,1395,1637
ATGCCTAACGCATACA,1,41,2,1429,1637
ATGCCTAACTCAATGA,1,42,2,1464,1637
ATGCCTAACTGAGCCA,1,43,2,1498,1637
ATGCCTAACTGGCATA,1,44,2,1533,1637
ATGCCTAAGAATCTGA,1,45,2,1568,1637
ATGCCTAACAAGACTA,1,46,2,1602,1637
ATGCCTAAGAGCTGAA,1,47,2,1637,1637
ATGCCTAAGATAGACA,1,48,2,1672,1637
ATGCCTAAGCCACATA,1,49,2,1706,1637
AGTGGTCAAACGTGAT,0,0,3,9,1602
AGTGGTCAAAACATCG,0,1,3,43,1602
AGTGGTCAATGCCTAA,1,2,3,78,1602
AGTGGTCAAGTGGTCA,1,3,3,113,1602
AGTGGTCAACCACTGT,1,4,3,147,1602
AGTGGTCAACATTGGC,0,5,3,182,1602
AGTGGTCACAGATCTG,0,6,3,217,1602
AGTGGTCACATCAAGT,0,7,3,251,1602
AGTGGTCACGCTGATC,0,8,3,286,1602
AGTGGTCAACAAGCTA,0,9,3,320,1602
AGTGGTCACTGTAGCC,0,10,3,355,1602
AGTGGTCAAGTACAAG,0,11,3,390,1602
AGTGGTCAAACAACCA,0,12,3,424,1602
AGTGGTCAAACCGAGA,0,13,3,459,1602
AGTGGTCAAACGCTTA,0,14,3,494,1602
AGTGGTCAAAGACGGA,0,15,3,528,1602
AGTGGTCAAAGGTACA,1,16,3,563,1602
AGTGGTCAACACAGAA,1,17,3,598,1602
AGTGGTCAACAGCAGA,1,18,3,632,1602
AGTGGTCAACCTCCAA,1,19,3,667,1602
AGTGGTCAACGCTCGA,1,20,3,702,1602
AGTGGTCAACGTATCA,1,21,3,736,1602
AGTGGTCAACTATGCA,1,22,3,771,1602
AGTGGTCAAGAGTCAA,1,23,3,806,1602
AGTGGTCAAGATCGCA,1,24,3,840,1602
AGTGGTCAAGCAGGAA,1,25,3,875,1602
AGTGGTCAAGTCACTA,1,26,3,909,1602
AGTGGTCAATCCTGTA,1,27,3,944,1602
AGTGGTCAATTGAGGA,1,28,3,979,1602
AGTGGTCACAACCACA,1,29,3,1013,1602
AGTGGTCAGACTAGTA,1,30,3,1048,1602
AGTGGTCACAATGGAA,1,31,3,1083,1602
AGTGGTCACACTTCGA,1,32,3,1117,1602
AGTGGTCACAGCGTTA,1,33,3,1152,1602
AGTGGTCACATACCAA,1,34,3,1187,1602
AGTGGTCACCAGTTCA,1,35,3,1221,1602
AGTGGTCACCGAAGTA,1,36,3,1256,1602
AGTGGTCACCGTGAGA,1,37,3,1291,1602
AGTGGTCACCTCCTGA,1,38,3,1325,1602
AGTGGTCACGAACTTA,1,39,3,1360,1602
AGTGGTCACGACTGGA,1,40,3,1395,1602
AGTGGTCACGCATACA,1,41,3,1429,1602
AGTGGTCACTCAATGA,1,42,3,1464,1602
AGTGGTCACTGAGCCA,1,43,3,1498,1602
AGTGGTCACTGGCATA,1,44,3,1533,1602
AGTGGTCAGAATCTGA,1,45,3,1568,1602
AGTGGTCACAAGACTA,1,46,3,1602,1602
AGTGGTCAGAGCTGAA,1,47,3,1637,1602
AGTGGTCAGATAGACA,1,48,3,1672,1602
AGTGGTCAGCCACATA,1,49,3,1706,1602
ACCACTGTAACGTGAT,0,0,4,9,1568
ACCACTGTAAACATCG,0,1,4,43,1568
ACCACTGTATGCCTAA,0,2,4,78,1568
ACCACTGTAGTGGTCA,0,3,4,113,1568
ACCACTGTACCACTGT,0,4,4,147,1568
ACCACTGTACATTGGC,0,5,4,182,1568
ACCACTGTCAGATCTG,0,6,4,217,1568
ACCACTGTCATCAAGT,0,7,4,251,1568
ACCACTGTCGCTGATC,0,8,4,286,1568
ACCACTGTACAAGCTA,0,9,4,320,1568
ACCACTGTCTGTAGCC,0,10,4,355,1568
ACCACTGTAGTACAAG,0,11,4,390,1568
ACCACTGTAACAACCA,0,12,4,424,1568
ACCACTGTAACCGAGA,0,13,4,459,1568
ACCACTGTAACGCTTA,0,14,4,494,1568
ACCACTGTAAGACGGA,0,15,4,528,1568
ACCACTGTAAGGTACA,1,16,4,563,1568
ACCACTGTACACAGAA,1,17,4,598,1568
ACCACTGTACAGCAGA,1,18,4,632,1568
ACCACTGTACCTCCAA,1,19,4,667,1568
ACCACTGTACGCTCGA,1,20,4,702,1568
ACCACTGTACGTATCA,1,21,4,736,1568
ACCACTGTACTATGCA,1,22,4,771,1568
ACCACTGTAGAGTCAA,1,23,4,806,1568
ACCACTGTAGATCGCA,1,24,4,840,1568
ACCACTGTAGCAGGAA,1,25,4,875,1568
ACCACTGTAGTCACTA,1,26,4,909,1568
ACCACTGTATCCTGTA,1,27,4,944,1568
ACCACTGTATTGAGGA,1,28,4,979,1568
ACCACTGTCAACCACA,1,29,4,1013,1568
ACCACTGTGACTAGTA,1,30,4,1048,1568
ACCACTGTCAATGGAA,1,31,4,1083,1568
ACCACTGTCACTTCGA,1,32,4,1117,1568
ACCACTGTCAGCGTTA,1,33,4,1152,1568
ACCACTGTCATACCAA,1,34,4,1187,1568
ACCACTGTCCAGTTCA,1,35,4,1221,1568
ACCACTGTCCGAAGTA,1,36,4,1256,1568
ACCACTGTCCGTGAGA,1,37,4,1291,1568
ACCACTGTCCTCCTGA,1,38,4,1325,1568
ACCACTGTCGAACTTA,1,39,4,1360,1568
ACCACTGTCGACTGGA,1,40,4,1395,1568
ACCACTGTCGCATACA,1,41,4,1429,1568
ACCACTGTCTCAATGA,1,42,4,1464,1568
ACCACTGTCTGAGCCA,1,43,4,1498,1568
ACCACTGTCTGGCATA,1,44,4,1533,1568
ACCACTGTGAATCTGA,1,45,4,1568,1568
ACCACTGTCAAGACTA,1,46,4,1602,1568
ACCACTGTGAGCTGAA,1,47,4,1637,1568
ACCACTGTGATAGACA,1,48,4,1672,1568
ACCACTGTGCCACATA,1,49,4,1706,1568
ACATTGGCAACGTGAT,0,0,5,9,1533
ACATTGGCAAACATCG,0,1,5,43,1533
ACATTGGCATGCCTAA,0,2,5,78,1533
ACATTGGCAGTGGTCA,0,3,5,113,1533
ACATTGGCACCACTGT,0,4,5,147,1533
ACATTGGCACATTGGC,0,5,5,182,1533
ACATTGGCCAGATCTG,0,6,5,217,1533
ACATTGGCCATCAAGT,0,7,5,251,1533
ACATTGGCCGCTGATC,0,8,5,286,1533
ACATTGGCACAAGCTA,0,9,5,320,1533
ACATTGGCCTGTAGCC,0,10,5,355,1533
ACATTGGCAGTACAAG,0,11,5,390,1533
ACATTGGCAACAACCA,0,12,5,424,1533
ACATTGGCAACCGAGA,0,13,5,459,1533
ACATTGGCAACGCTTA,0,14,5,494,1533
ACATTGGCAAGACGGA,0,15,5,528,1533
ACATTGGCAAGGTACA,1,16,5,563,1533
ACATTGGCACACAGAA,1,17,5,598,1533
ACATTGGCACAGCAGA,1,18,5,632,1533
ACATTGGCACCTCCAA,1,19,5,667,1533
ACATTGGCACGCTCGA,1,20,5,702,1533
ACATTGGCACGTATCA,1,21,5,736,1533
ACATTGGCACTATGCA,1,22,5,771,1533
ACATTGGCAGAGTCAA,1,23,5,806,1533
ACATTGGCAGATCGCA,1,24,5,840,1533
ACATTGGCAGCAGGAA,1,25,5,875,1533
ACATTGGCAGTCACTA,1,26,5,909,1533
ACATTGGCATCCTGTA,1,27,5,944,1533
ACATTGGCATTGAGGA,1,28,5,979,1533
ACATTGGCCAACCACA,1,29,5,1013,1533
ACATTGGCGACTAGTA,1,30,5,1048,1533
ACATTGGCCAATGGAA,1,31,5,1083,1533
ACATTGGCCACTTCGA,1,32,5,1117,1533
ACATTGGCCAGCGTTA,1,33,5,1152,1533
ACATTGGCCATACCAA,1,34,5,1187,1533
ACATTGGCCCAGTTCA,1,35,5,1221,1533
ACATTGGCCCGAAGTA,1,36,5,1256,1533
ACATTGGCCCGTGAGA,1,37,5,1291,1533
ACATTGGCCCTCCTGA,1,38,5,1325,1533
ACATTGGCCGAACTTA,1,39,5,1360,1533
ACATTGGCCGACTGGA,1,40,5,1395,1533
ACATTGGCCGCATACA,1,41,5,1429,1533
ACATTGGCCTCAATGA,1,42,5,1464,1533
ACATTGGCCTGAGCCA,1,43,5,1498,1533
ACATTGGCCTGGCATA,1,44,5,1533,1533
ACATTGGCGAATCTGA,1,45,5,1568,1533
ACATTGGCCAAGACTA,1,46,5,1602,1533
ACATTGGCGAGCTGAA,1,47,5,1637,1533
ACATTGGCGATAGACA,1,48,5,1672,1533
ACATTGGCGCCACATA,1,49,5,1706,1533
CAGATCTGAACGTGAT,0,0,6,9,1498
CAGATCTGAAACATCG,0,1,6,43,1498
CAGATCTGATGCCTAA,0,2,6,78,1498
CAGATCTGAGTGGTCA,0,3,6,113,1498
CAGATCTGACCACTGT,0,4,6,147,1498
CAGATCTGACATTGGC,0,5,6,182,1498
CAGATCTGCAGATCTG,0,6,6,217,1498
CAGATCTGCATCAAGT,0,7,6,251,1498
CAGATCTGCGCTGATC,0,8,6,286,1498
CAGATCTGACAAGCTA,0,9,6,320,1498
CAGATCTGCTGTAGCC,0,10,6,355,1498
CAGATCTGAGTACAAG,0,11,6,390,1498
CAGATCTGAACAACCA,0,12,6,424,1498
CAGATCTGAACCGAGA,0,13,6,459,1498
CAGATCTGAACGCTTA,0,14,6,494,1498
CAGATCTGAAGACGGA,1,15,6,528,1498
CAGATCTGAAGGTACA,1,16,6,563,1498
CAGATCTGACACAGAA,1,17,6,598,1498
CAGATCTGACAGCAGA,1,18,6,632,1498
CAGATCTGACCTCCAA,1,19,6,667,1498
CAGATCTGACGCTCGA,1,20,6,702,1498
CAGATCTGACGTATCA,1,21,6,736,1498
CAGATCTGACTATGCA,1,22,6,771,1498
CAGATCTGAGAGTCAA,1,23,6,806,1498
CAGATCTGAGATCGCA,1,24,6,840,1498
CAGATCTGAGCAGGAA,1,25,6,875,1498
CAGATCTGAGTCACTA,1,26,6,909,1498
CAGATCTGATCCTGTA,1,27,6,944,1498
CAGATCTGATTGAGGA,1,28,6,979,1498
CAGATCTGCAACCACA,1,29,6,1013,1498
CAGATCTGGACTAGTA,1,30,6,1048,1498
CAGATCTGCAATGGAA,1,31,6,1083,1498
CAGATCTGCACTTCGA,1,32,6,1117,1498
CAGATCTGCAGCGTTA,1,33,6,1152,1498
CAGATCTGCATACCAA,1,34,6,1187,1498
CAGATCTGCCAGTTCA,1,35,6,1221,1498
CAGATCTGCCGAAGTA,1,36,6,1256,1498
CAGATCTGCCGTGAGA,1,37,6,1291,1498
CAGATCTGCCTCCTGA,1,38,6,1325,1498
CAGATCTGCGAACTTA,1,39,6,1360,1498
CAGATCTGCGACTGGA,1,40,6,1395,1498
CAGATCTGCGCATACA,1,41,6,1429,1498
CAGATCTGCTCAATGA,1,42,6,1464,1498
CAGATCTGCTGAGCCA,1,43,6,1498,1498
CAGATCTGCTGGCATA,1,44,6,1533,1498
CAGATCTGGAATCTGA,1,45,6,1568,1498
CAGATCTGCAAGACTA,1,46,6,1602,1498
CAGATCTGGAGCTGAA,1,47,6,1637,1498
CAGATCTGGATAGACA,1,48,6,1672,1498
CAGATCTGGCCACATA,1,49,6,1706,1498
CATCAAGTAACGTGAT,0,0,7,9,1464
CATCAAGTAAACATCG,0,1,7,43,1464
CATCAAGTATGCCTAA,0,2,7,78,1464
CATCAAGTAGTGGTCA,0,3,7,113,1464
CATCAAGTACCACTGT,0,4,7,147,1464
CATCAAGTACATTGGC,0,5,7,182,1464
CATCAAGTCAGATCTG,0,6,7,217,1464
CATCAAGTCATCAAGT,0,7,7,251,1464
CATCAAGTCGCTGATC,0,8,7,286,1464
CATCAAGTACAAGCTA,0,9,7,320,1464
CATCAAGTCTGTAGCC,0,10,7,355,1464
CATCAAGTAGTACAAG,0,11,7,390,1464
CATCAAGTAACAACCA,0,12,7,424,1464
CATCAAGTAACCGAGA,0,13,7,459,1464
CATCAAGTAACGCTTA,0,14,7,494,1464
CATCAAGTAAGACGGA,1,15,7,528,1464
CATCAAGTAAGGTACA,0,16,7,563,1464
CATCAAGTACACAGAA,1,17,7,598,1464
CATCAAGTACAGCAGA,1,18,7,632,1464
CATCAAGTACCTCCAA,1,19,7,667,1464
CATCAAGTACGCTCGA,1,20,7,702,1464
CATCAAGTACGTATCA,1,21,7,736,1464
CATCAAGTACTATGCA,1,22,7,771,1464
CATCAAGTAGAGTCAA,1,23,7,806,1464
CATCAAGTAGATCGCA,1,24,7,840,1464
CATCAAGTAGCAGGAA,1,25,7,875,1464
CATCAAGTAGTCACTA,1,26,7,909,1464
CATCAAGTATCCTGTA,1,27,7,944,1464
CATCAAGTATTGAGGA,1,28,7,979,1464
CATCAAGTCAACCACA,1,29,7,1013,1464
CATCAAGTGACTAGTA,1,30,7,1048,1464
CATCAAGTCAATGGAA,1,31,7,1083,1464
CATCAAGTCACTTCGA,1,32,7,1117,1464
CATCAAGTCAGCGTTA,1,33,7,1152,1464
CATCAAGTCATACCAA,1,34,7,1187,1464
CATCAAGTCCAGTTCA,1,35,7,1221,1464
CATCAAGTCCGAAGTA,1,36,7,1256,1464
CATCAAGTCCGTGAGA,1,37,7,1291,1464
CATCAAGTCCTCCTGA,1,38,7,1325,1464
CATCAAGTCGAACTTA,1,39,7,1360,1464
CATCAAGTCGACTGGA,1,40,7,1395,1464
CATCAAGTCGCATACA,1,41,7,1429,1464
CATCAAGTCTCAATGA,1,42,7,1464,1464
CATCAAGTCTGAGCCA,1,43,7,1498,1464
CATCAAGTCTGGCATA,1,44,7,1533,1464
CATCAAGTGAATCTGA,1,45,7,1568,1464
CATCAAGTCAAGACTA,1,46,7,1602,1464
CATCAAGTGAGCTGAA,1,47,7,1637,1464
CATCAAGTGATAGACA,1,48,7,1672,1464
CATCAAGTGCCACATA,1,49,7,1706,1464
CGCTGATCAACGTGAT,0,0,8,9,1429
CGCTGATCAAACATCG,0,1,8,43,1429
CGCTGATCATGCCTAA,0,2,8,78,1429
CGCTGATCAGTGGTCA,0,3,8,113,1429
CGCTGATCACCACTGT,0,4,8,147,1429
CGCTGATCACATTGGC,0,5,8,182,1429
CGCTGATCCAGATCTG,0,6,8,217,1429
CGCTGATCCATCAAGT,0,7,8,251,1429
CGCTGATCCGCTGATC,0,8,8,286,1429
CGCTGATCACAAGCTA,0,9,8,320,1429
CGCTGATCCTGTAGCC,0,10,8,355,1429
CGCTGATCAGTACAAG,0,11,8,390,1429
CGCTGATCAACAACCA,0,12,8,424,1429
CGCTGATCAACCGAGA,0,13,8,459,1429
CGCTGATCAACGCTTA,0,14,8,494,1429
CGCTGATCAAGACGGA,1,15,8,528,1429
CGCTGATCAAGGTACA,0,16,8,563,1429
CGCTGATCACACAGAA,1,17,8,598,1429
CGCTGATCACAGCAGA,1,18,8,632,1429
CGCTGATCACCTCCAA,1,19,8,667,1429
CGCTGATCACGCTCGA,1,20,8,702,1429
CGCTGATCACGTATCA,1,21,8,736,1429
CGCTGATCACTATGCA,1,22,8,771,1429
CGCTGATCAGAGTCAA,1,23,8,806,1429
CGCTGATCAGATCGCA,1,24,8,840,1429
CGCTGATCAGCAGGAA,1,25,8,875,1429
CGCTGATCAGTCACTA,1,26,8,909,1429
CGCTGATCATCCTGTA,1,27,8,944,1429
CGCTGATCATTGAGGA,1,28,8,979,1429
CGCTGATCCAACCACA,1,29,8,1013,1429
CGCTGATCGACTAGTA,1,30,8,1048,1429
CGCTGATCCAATGGAA,1,31,8,1083,1429
CGCTGATCCACTTCGA,1,32,8,1117,1429
CGCTGATCCAGCGTTA,1,33,8,1152,1429
CGCTGATCCATACCAA,1,34,8,1187,1429
CGCTGATCCCAGTTCA,1,35,8,1221,1429
CGCTGATCCCGAAGTA,1,36,8,1256,1429
CGCTGATCCCGTGAGA,1,37,8,1291,1429
CGCTGATCCCTCCTGA,1,38,8,1325,1429
CGCTGATCCGAACTTA,1,39,8,1360,1429
CGCTGATCCGACTGGA,1,40,8,1395,1429
CGCTGATCCGCATACA,1,41,8,1429,1429
CGCTGATCCTCAATGA,1,42,8,1464,1429
CGCTGATCCTGAGCCA,1,43,8,1498,1429
CGCTGATCCTGGCATA,1,44,8,1533,1429
CGCTGATCGAATCTGA,1,45,8,1568,1429
CGCTGATCCAAGACTA,1,46,8,1602,1429
CGCTGATCGAGCTGAA,1,47,8,1637,1429
CGCTGATCGATAGACA,1,48,8,1672,1429
CGCTGATCGCCACATA,1,49,8,1706,1429
ACAAGCTAAACGTGAT,0,0,9,9,1395
ACAAGCTAAAACATCG,0,1,9,43,1395
ACAAGCTAATGCCTAA,0,2,9,78,1395
ACAAGCTAAGTGGTCA,0,3,9,113,1395
ACAAGCTAACCACTGT,0,4,9,147,1395
ACAAGCTAACATTGGC,0,5,9,182,1395
ACAAGCTACAGATCTG,0,6,9,217,1395
ACAAGCTACATCAAGT,0,7,9,251,1395
ACAAGCTACGCTGATC,0,8,9,286,1395
ACAAGCTAACAAGCTA,0,9,9,320,1395
ACAAGCTACTGTAGCC,0,10,9,355,1395
ACAAGCTAAGTACAAG,0,11,9,390,1395
ACAAGCTAAACAACCA,0,12,9,424,1395
ACAAGCTAAACCGAGA,0,13,9,459,1395
ACAAGCTAAACGCTTA,0,14,9,494,1395
ACAAGCTAAAGACGGA,1,15,9,528,1395
ACAAGCTAAAGGTACA,1,16,9,563,1395
ACAAGCTAACACAGAA,1,17,9,598,1395
ACAAGCTAACAGCAGA,1,18,9,632,1395
ACAAGCTAACCTCCAA,1,19,9,667,1395
ACAAGCTAACGCTCGA,1,20,9,702,1395
ACAAGCTAACGTATCA,1,21,9,736,1395
ACAAGCTAACTATGCA,1,22,9,771,1395
ACAAGCTAAGAGTCAA,1,23,9,806,1395
ACAAGCTAAGATCGCA,1,24,9,840,1395
ACAAGCTAAGCAGGAA,1,25,9,875,1395
ACAAGCTAAGTCACTA,1,26,9,909,1395
ACAAGCTAATCCTGTA,1,27,9,944,1395
ACAAGCTAATTGAGGA,1,28,9,979,1395
ACAAGCTACAACCACA,1,29,9,1013,1395
ACAAGCTAGACTAGTA,1,30,9,1048,1395
ACAAGCTACAATGGAA,1,31,9,1083,1395
ACAAGCTACACTTCGA,1,32,9,1117,1395
ACAAGCTACAGCGTTA,1,33,9,1152,1395
ACAAGCTACATACCAA,1,34,9,1187,1395
ACAAGCTACCAGTTCA,1,35,9,1221,1395
ACAAGCTACCGAAGTA,1,36,9,1256,1395
ACAAGCTACCGTGAGA,1,37,9,1291,1395
ACAAGCTACCTCCTGA,1,38,9,1325,1395
ACAAGCTACGAACTTA,1,39,9,1360,1395
ACAAGCTACGACTGGA,1,40,9,1395,1395
ACAAGCTACGCATACA,1,41,9,1429,1395
ACAAGCTACTCAATGA,1,42,9,1464,1395
ACAAGCTACTGAGCCA,1,43,9,1498,1395
ACAAGCTACTGGCATA,1,44,9,1533,1395
ACAAGCTAGAATCTGA,1,45,9,1568,1395
ACAAGCTACAAGACTA,1,46,9,1602,1395
ACAAGCTAGAGCTGAA,1,47,9,1637,1395
ACAAGCTAGATAGACA,1,48,9,1672,1395
ACAAGCTAGCCACATA,1,49,9,1706,1395
CTGTAGCCAACGTGAT,0,0,10,9,1360
CTGTAGCCAAACATCG,0,1,10,43,1360
CTGTAGCCATGCCTAA,0,2,10,78,1360
CTGTAGCCAGTGGTCA,0,3,10,113,1360
CTGTAGCCACCACTGT,0,4,10,147,1360
CTGTAGCCACATTGGC,0,5,10,182,1360
CTGTAGCCCAGATCTG,0,6,10,217,1360
CTGTAGCCCATCAAGT,0,7,10,251,1360
CTGTAGCCCGCTGATC,0,8,10,286,1360
CTGTAGCCACAAGCTA,0,9,10,320,1360
CTGTAGCCCTGTAGCC,0,10,10,355,1360
CTGTAGCCAGTACAAG,0,11,10,390,1360
CTGTAGCCAACAACCA,0,12,10,424,1360
CTGTAGCCAACCGAGA,0,13,10,459,1360
CTGTAGCCAACGCTTA,0,14,10,494,1360
CTGTAGCCAAGACGGA,0,15,10,528,1360
CTGTAGCCAAGGTACA,1,16,10,563,1360
CTGTAGCCACACAGAA,1,17,10,598,1360
CTGTAGCCACAGCAGA,0,18,10,632,1360
CTGTAGCCACCTCCAA,1,19,10,667,1360
CTGTAGCCACGCTCGA,1,20,10,702,1360
CTGTAGCCACGTATCA,1,21,10,736,1360
CTGTAGCCACTATGCA,1,22,10,771,1360
CTGTAGCCAGAGTCAA,1,23,10,806,1360
CTGTAGCCAGATCGCA,1,24,10,840,1360
CTGTAGCCAGCAGGAA,1,25,10,875,1360
CTGTAGCCAGTCACTA,1,26,10,909,1360
CTGTAGCCATCCTGTA,1,27,10,944,1360
CTGTAGCCATTGAGGA,1,28,10,979,1360
CTGTAGCCCAACCACA,1,29,10,1013,1360
CTGTAGCCGACTAGTA,1,30,10,1048,1360
CTGTAGCCCAATGGAA,1,31,10,1083,1360
CTGTAGCCCACTTCGA,1,32,10,1117,1360
CTGTAGCCCAGCGTTA,1,33,10,1152,1360
CTGTAGCCCATACCAA,1,34,10,1187,1360
CTGTAGCCCCAGTTCA,1,35,10,1221,1360
CTGTAGCCCCGAAGTA,1,36,10,1256,1360
CTGTAGCCCCGTGAGA,1,37,10,1291,1360
CTGTAGCCCCTCCTGA,1,38,10,1325,1360
CTGTAGCCCGAACTTA,1,39,10,1360,1360
CTGTAGCCCGACTGGA,1,40,10,1395,1360
CTGTAGCCCGCATACA,1,41,10,1429,1360
CTGTAGCCCTCAATGA,1,42,10,1464,1360
CTGTAGCCCTGAGCCA,1,43,10,1498,1360
CTGTAGCCCTGGCATA,1,44,10,1533,1360
CTGTAGCCGAATCTGA,1,45,10,1568,1360
CTGTAGCCCAAGACTA,1,46,10,1602,1360
CTGTAGCCGAGCTGAA,1,47,10,1637,1360
CTGTAGCCGATAGACA,1,48,10,1672,1360
CTGTAGCCGCCACATA,1,49,10,1706,1360
AGTACAAGAACGTGAT,0,0,11,9,1325
AGTACAAGAAACATCG,0,1,11,43,1325
AGTACAAGATGCCTAA,0,2,11,78,1325
AGTACAAGAGTGGTCA,0,3,11,113,1325
AGTACAAGACCACTGT,1,4,11,147,1325
AGTACAAGACATTGGC,1,5,11,182,1325
AGTACAAGCAGATCTG,1,6,11,217,1325
AGTACAAGCATCAAGT,0,7,11,251,1325
AGTACAAGCGCTGATC,0,8,11,286,1325
AGTACAAGACAAGCTA,0,9,11,320,1325
AGTACAAGCTGTAGCC,1,10,11,355,1325
AGTACAAGAGTACAAG,0,11,11,390,1325
AGTACAAGAACAACCA,0,12,11,424,1325
AGTACAAGAACCGAGA,0,13,11,459,1325
AGTACAAGAACGCTTA,0,14,11,494,1325
AGTACAAGAAGACGGA,0,15,11,528,1325
AGTACAAGAAGGTACA,0,16,11,563,1325
AGTACAAGACACAGAA,1,17,11,598,1325
AGTACAAGACAGCAGA,1,18,11,632,1325
AGTACAAGACCTCCAA,1,19,11,667,1325
AGTACAAGACGCTCGA,1,20,11,702,1325
AGTACAAGACGTATCA,1,21,11,736,1325
AGTACAAGACTATGCA,1,22,11,771,1325
AGTACAAGAGAGTCAA,1,23,11,806,1325
AGTACAAGAGATCGCA,1,24,11,840,1325
AGTACAAGAGCAGGAA,1,25,11,875,1325
AGTACAAGAGTCACTA,1,26,11,909,1325
AGTACAAGATCCTGTA,1,27,11,944,1325
AGTACAAGATTGAGGA,1,28,11,979,1325
AGTACAAGCAACCACA,1,29,11,1013,1325
AGTACAAGGACTAGTA,1,30,11,1048,1325
AGTACAAGCAATGGAA,1,31,11,1083,1325
AGTACAAGCACTTCGA,1,32,11,1117,1325
AGTACAAGCAGCGTTA,1,33,11,1152,1325
AGTACAAGCATACCAA,1,34,11,1187,1325
AGTACAAGCCAGTTCA,1,35,11,1221,1325
AGTACAAGCCGAAGTA,1,36,11,1256,1325
AGTACAAGCCGTGAGA,1,37,11,1291,1325
AGTACAAGCCTCCTGA,1,38,11,1325,1325
AGTACAAGCGAACTTA,1,39,11,1360,1325
AGTACAAGCGACTGGA,1,40,11,1395,1325
AGTACAAGCGCATACA,1,41,11,1429,1325
AGTACAAGCTCAATGA,1,42,11,1464,1325
AGTACAAGCTGAGCCA,1,43,11,1498,1325
AGTACAAGCTGGCATA,1,44,11,1533,1325
AGTACAAGGAATCTGA,1,45,11,1568,1325
AGTACAAGCAAGACTA,1,46,11,1602,1325
AGTACAAGGAGCTGAA,1,47,11,1637,1325
AGTACAAGGATAGACA,1,48,11,1672,1325
AGTACAAGGCCACATA,1,49,11,1706,1325
AACAACCAAACGTGAT,0,0,12,9,1291
AACAACCAAAACATCG,0,1,12,43,1291
AACAACCAATGCCTAA,0,2,12,78,1291
AACAACCAAGTGGTCA,1,3,12,113,1291
AACAACCAACCACTGT,1,4,12,147,1291
AACAACCAACATTGGC,1,5,12,182,1291
AACAACCACAGATCTG,1,6,12,217,1291
AACAACCACATCAAGT,1,7,12,251,1291
AACAACCACGCTGATC,1,8,12,286,1291
AACAACCAACAAGCTA,1,9,12,320,1291
AACAACCACTGTAGCC,1,10,12,355,1291
AACAACCAAGTACAAG,1,11,12,390,1291
AACAACCAAACAACCA,1,12,12,424,1291
AACAACCAAACCGAGA,1,13,12,459,1291
AACAACCAAACGCTTA,1,14,12,494,1291
AACAACCAAAGACGGA,0,15,12,528,1291
AACAACCAAAGGTACA,0,16,12,563,1291
AACAACCAACACAGAA,1,17,12,598,1291
AACAACCAACAGCAGA,1,18,12,632,1291
AACAACCAACCTCCAA,1,19,12,667,1291
AACAACCAACGCTCGA,1,20,12,702,1291
AACAACCAACGTATCA,1,21,12,736,1291
AACAACCAACTATGCA,1,22,12,771,1291
AACAACCAAGAGTCAA,1,23,12,806,1291
AACAACCAAGATCGCA,1,24,12,840,1291
AACAACCAAGCAGGAA,1,25,12,875,1291
AACAACCAAGTCACTA,1,26,12,909,1291
AACAACCAATCCTGTA,1,27,12,944,1291
AACAACCAATTGAGGA,1,28,12,979,1291
AACAACCACAACCACA,1,29,12,1013,1291
AACAACCAGACTAGTA,1,30,12,1048,1291
AACAACCACAATGGAA,1,31,12,1083,1291
AACAACCACACTTCGA,1,32,12,1117,1291
AACAACCACAGCGTTA,1,33,12,1152,1291
AACAACCACATACCAA,1,34,12,1187,1291
AACAACCACCAGTTCA,1,35,12,1221,1291
AACAACCACCGAAGTA,1,36,12,1256,1291
AACAACCACCGTGAGA,1,37,12,1291,1291
AACAACCACCTCCTGA,1,38,12,1325,1291
AACAACCACGAACTTA,1,39,12,1360,1291
AACAACCACGACTGGA,1,40,12,1395,1291
AACAACCACGCATACA,1,41,12,1429,1291
AACAACCACTCAATGA,1,42,12,1464,1291
AACAACCACTGAGCCA,1,43,12,1498,1291
AACAACCACTGGCATA,1,44,12,1533,1291
AACAACCAGAATCTGA,1,45,12,1568,1291
AACAACCACAAGACTA,1,46,12,1602,1291
AACAACCAGAGCTGAA,1,47,12,1637,1291
AACAACCAGATAGACA,1,48,12,1672,1291
AACAACCAGCCACATA,1,49,12,1706,1291
AACCGAGAAACGTGAT,0,0,13,9,1256
AACCGAGAAAACATCG,0,1,13,43,1256
AACCGAGAATGCCTAA,0,2,13,78,1256
AACCGAGAAGTGGTCA,1,3,13,113,1256
AACCGAGAACCACTGT,1,4,13,147,1256
AACCGAGAACATTGGC,1,5,13,182,1256
AACCGAGACAGATCTG,1,6,13,217,1256
AACCGAGACATCAAGT,1,7,13,251,1256
AACCGAGACGCTGATC,1,8,13,286,1256
AACCGAGAACAAGCTA,1,9,13,320,1256
AACCGAGACTGTAGCC,1,10,13,355,1256
AACCGAGAAGTACAAG,1,11,13,390,1256
AACCGAGAAACAACCA,1,12,13,424,1256
AACCGAGAAACCGAGA,1,13,13,459,1256
AACCGAGAAACGCTTA,1,14,13,494,1256
AACCGAGAAAGACGGA,1,15,13,528,1256
AACCGAGAAAGGTACA,1,16,13,563,1256
AACCGAGAACACAGAA,1,17,13,598,1256
AACCGAGAACAGCAGA,1,18,13,632,1256
AACCGAGAACCTCCAA,1,19,13,667,1256
AACCGAGAACGCTCGA,1,20,13,702,1256
AACCGAGAACGTATCA,1,21,13,736,1256
AACCGAGAACTATGCA,1,22,13,771,1256
AACCGAGAAGAGTCAA,1,23,13,806,1256
AACCGAGAAGATCGCA,1,24,13,840,1256
AACCGAGAAGCAGGAA,1,25,13,875,1256
AACCGAGAAGTCACTA,1,26,13,909,1256
AACCGAGAATCCTGTA,1,27,13,944,1256
AACCGAGAATTGAGGA,1,28,13,979,1256
AACCGAGACAACCACA,1,29,13,1013,1256
AACCGAGAGACTAGTA,1,30,13,1048,1256
AACCGAGACAATGGAA,1,31,13,1083,1256
AACCGAGACACTTCGA,1,32,13,1117,1256
AACCGAGACAGCGTTA,1,33,13,1152,1256
AACCGAGACATACCAA,1,34,13,1187,1256
AACCGAGACCAGTTCA,1,35,13,1221,1256
AACCGAGACCGAAGTA,1,36,13,1256,1256
AACCGAGACCGTGAGA,1,37,13,1291,1256
AACCGAGACCTCCTGA,1,38,13,1325,1256
AACCGAGACGAACTTA,1,39,13,1360,1256
AACCGAGACGACTGGA,1,40,13,1395,1256
AACCGAGACGCATACA,1,41,13,1429,1256
AACCGAGACTCAATGA,1,42,13,1464,1256
AACCGAGACTGAGCCA,1,43,13,1498,1256
AACCGAGACTGGCATA,1,44,13,1533,1256
AACCGAGAGAATCTGA,1,45,13,1568,1256
AACCGAGACAAGACTA,1,46,13,1602,1256
AACCGAGAGAGCTGAA,1,47,13,1637,1256
AACCGAGAGATAGACA,1,48,13,1672,1256
AACCGAGAGCCACATA,1,49,13,1706,1256
AACGCTTAAACGTGAT,0,0,14,9,1221
AACGCTTAAAACATCG,1,1,14,43,1221
AACGCTTAATGCCTAA,1,2,14,78,1221
AACGCTTAAGTGGTCA,1,3,14,113,1221
AACGCTTAACCACTGT,1,4,14,147,1221
AACGCTTAACATTGGC,1,5,14,182,1221
AACGCTTACAGATCTG,1,6,14,217,1221
AACGCTTACATCAAGT,1,7,14,251,1221
AACGCTTACGCTGATC,1,8,14,286,1221
AACGCTTAACAAGCTA,1,9,14,320,1221
AACGCTTACTGTAGCC,1,10,14,355,1221
AACGCTTAAGTACAAG,1,11,14,390,1221
AACGCTTAAACAACCA,1,12,14,424,1221
AACGCTTAAACCGAGA,1,13,14,459,1221
AACGCTTAAACGCTTA,1,14,14,494,1221
AACGCTTAAAGACGGA,1,15,14,528,1221
AACGCTTAAAGGTACA,1,16,14,563,1221
AACGCTTAACACAGAA,1,17,14,598,1221
AACGCTTAACAGCAGA,1,18,14,632,1221
AACGCTTAACCTCCAA,1,19,14,667,1221
AACGCTTAACGCTCGA,1,20,14,702,1221
AACGCTTAACGTATCA,1,21,14,736,1221
AACGCTTAACTATGCA,1,22,14,771,1221
AACGCTTAAGAGTCAA,1,23,14,806,1221
AACGCTTAAGATCGCA,1,24,14,840,1221
AACGCTTAAGCAGGAA,1,25,14,875,1221
AACGCTTAAGTCACTA,1,26,14,909,1221
AACGCTTAATCCTGTA,1,27,14,944,1221
AACGCTTAATTGAGGA,1,28,14,979,1221
AACGCTTACAACCACA,1,29,14,1013,1221
AACGCTTAGACTAGTA,1,30,14,1048,1221
AACGCTTACAATGGAA,1,31,14,1083,1221
AACGCTTACACTTCGA,1,32,14,1117,1221
AACGCTTACAGCGTTA,1,33,14,1152,1221
AACGCTTACATACCAA,1,34,14,1187,1221
AACGCTTACCAGTTCA,1,35,14,1221,1221
AACGCTTACCGAAGTA,1,36,14,1256,1221
AACGCTTACCGTGAGA,1,37,14,1291,1221
AACGCTTACCTCCTGA,1,38,14,1325,1221
AACGCTTACGAACTTA,1,39,14,1360,1221
AACGCTTACGACTGGA,1,40,14,1395,1221
AACGCTTACGCATACA,1,41,14,1429,1221
AACGCTTACTCAATGA,1,42,14,1464,1221
AACGCTTACTGAGCCA,1,43,14,1498,1221
AACGCTTACTGGCATA,1,44,14,1533,1221
AACGCTTAGAATCTGA,1,45,14,1568,1221
AACGCTTACAAGACTA,1,46,14,1602,1221
AACGCTTAGAGCTGAA,1,47,14,1637,1221
AACGCTTAGATAGACA,1,48,14,1672,1221
AACGCTTAGCCACATA,1,49,14,1706,1221
AAGACGGAAACGTGAT,1,0,15,9,1187
AAGACGGAAAACATCG,1,1,15,43,1187
AAGACGGAATGCCTAA,1,2,15,78,1187
AAGACGGAAGTGGTCA,1,3,15,113,1187
AAGACGGAACCACTGT,1,4,15,147,1187
AAGACGGAACATTGGC,1,5,15,182,1187
AAGACGGACAGATCTG,1,6,15,217,1187
AAGACGGACATCAAGT,1,7,15,251,1187
AAGACGGACGCTGATC,1,8,15,286,1187
AAGACGGAACAAGCTA,1,9,15,320,1187
AAGACGGACTGTAGCC,1,10,15,355,1187
AAGACGGAAGTACAAG,1,11,15,390,1187
AAGACGGAAACAACCA,1,12,15,424,1187
AAGACGGAAACCGAGA,1,13,15,459,1187
AAGACGGAAACGCTTA,1,14,15,494,1187
AAGACGGAAAGACGGA,1,15,15,528,1187
AAGACGGAAAGGTACA,1,16,15,563,1187
AAGACGGAACACAGAA,1,17,15,598,1187
AAGACGGAACAGCAGA,1,18,15,632,1187
AAGACGGAACCTCCAA,1,19,15,667,1187
AAGACGGAACGCTCGA,1,20,15,702,1187
AAGACGGAACGTATCA,1,21,15,736,1187
AAGACGGAACTATGCA,1,22,15,771,1187
AAGACGGAAGAGTCAA,1,23,15,806,1187
AAGACGGAAGATCGCA,1,24,15,840,1187
AAGACGGAAGCAGGAA,1,25,15,875,1187
AAGACGGAAGTCACTA,1,26,15,909,1187
AAGACGGAATCCTGTA,1,27,15,944,1187
AAGACGGAATTGAGGA,1,28,15,979,1187
AAGACGGACAACCACA,1,29,15,1013,1187
AAGACGGAGACTAGTA,1,30,15,1048,1187
AAGACGGACAATGGAA,1,31,15,1083,1187
AAGACGGACACTTCGA,0,32,15,1117,1187
AAGACGGACAGCGTTA,1,33,15,1152,1187
AAGACGGACATACCAA,1,34,15,1187,1187
AAGACGGACCAGTTCA,1,35,15,1221,1187
AAGACGGACCGAAGTA,1,36,15,1256,1187
AAGACGGACCGTGAGA,1,37,15,1291,1187
AAGACGGACCTCCTGA,1,38,15,1325,1187
AAGACGGACGAACTTA,1,39,15,1360,1187
AAGACGGACGACTGGA,1,40,15,1395,1187
AAGACGGACGCATACA,1,41,15,1429,1187
AAGACGGACTCAATGA,1,42,15,1464,1187
AAGACGGACTGAGCCA,1,43,15,1498,1187
AAGACGGACTGGCATA,1,44,15,1533,1187
AAGACGGAGAATCTGA,1,45,15,1568,1187
AAGACGGACAAGACTA,1,46,15,1602,1187
AAGACGGAGAGCTGAA,1,47,15,1637,1187
AAGACGGAGATAGACA,1,48,15,1672,1187
AAGACGGAGCCACATA,1,49,15,1706,1187
AAGGTACAAACGTGAT,1,0,16,9,1152
AAGGTACAAAACATCG,1,1,16,43,1152
AAGGTACAATGCCTAA,1,2,16,78,1152
AAGGTACAAGTGGTCA,1,3,16,113,1152
AAGGTACAACCACTGT,1,4,16,147,1152
AAGGTACAACATTGGC,1,5,16,182,1152
AAGGTACACAGATCTG,1,6,16,217,1152
AAGGTACACATCAAGT,1,7,16,251,1152
AAGGTACACGCTGATC,1,8,16,286,1152
AAGGTACAACAAGCTA,1,9,16,320,1152
AAGGTACACTGTAGCC,1,10,16,355,1152
AAGGTACAAGTACAAG,1,11,16,390,1152
AAGGTACAAACAACCA,1,12,16,424,1152
AAGGTACAAACCGAGA,1,13,16,459,1152
AAGGTACAAACGCTTA,1,14,16,494,1152
AAGGTACAAAGACGGA,1,15,16,528,1152
AAGGTACAAAGGTACA,1,16,16,563,1152
AAGGTACAACACAGAA,1,17,16,598,1152
AAGGTACAACAGCAGA,1,18,16,632,1152
AAGGTACAACCTCCAA,1,19,16,667,1152
AAGGTACAACGCTCGA,1,20,16,702,1152
AAGGTACAACGTATCA,1,21,16,736,1152
AAGGTACAACTATGCA,1,22,16,771,1152
AAGGTACAAGAGTCAA,1,23,16,806,1152
AAGGTACAAGATCGCA,1,24,16,840,1152
AAGGTACAAGCAGGAA,1,25,16,875,1152
AAGGTACAAGTCACTA,1,26,16,909,1152
AAGGTACAATCCTGTA,1,27,16,944,1152
AAGGTACAATTGAGGA,1,28,16,979,1152
AAGGTACACAACCACA,1,29,16,1013,1152
AAGGTACAGACTAGTA,1,30,16,1048,1152
AAGGTACACAATGGAA,1,31,16,1083,1152
AAGGTACACACTTCGA,1,32,16,1117,1152
AAGGTACACAGCGTTA,1,33,16,1152,1152
AAGGTACACATACCAA,1,34,16,1187,1152
AAGGTACACCAGTTCA,1,35,16,1221,1152
AAGGTACACCGAAGTA,1,36,16,1256,1152
AAGGTACACCGTGAGA,1,37,16,1291,1152
AAGGTACACCTCCTGA,1,38,16,1325,1152
AAGGTACACGAACTTA,1,39,16,1360,1152
AAGGTACACGACTGGA,1,40,16,1395,1152
AAGGTACACGCATACA,1,41,16,1429,1152
AAGGTACACTCAATGA,1,42,16,1464,1152
AAGGTACACTGAGCCA,1,43,16,1498,1152
AAGGTACACTGGCATA,1,44,16,1533,1152
AAGGTACAGAATCTGA,1,45,16,1568,1152
AAGGTACACAAGACTA,1,46,16,1602,1152
AAGGTACAGAGCTGAA,1,47,16,1637,1152
AAGGTACAGATAGACA,1,48,16,1672,1152
AAGGTACAGCCACATA,1,49,16,1706,1152
ACACAGAAAACGTGAT,1,0,17,9,1117
ACACAGAAAAACATCG,1,1,17,43,1117
ACACAGAAATGCCTAA,1,2,17,78,1117
ACACAGAAAGTGGTCA,1,3,17,113,1117
ACACAGAAACCACTGT,1,4,17,147,1117
ACACAGAAACATTGGC,1,5,17,182,1117
ACACAGAACAGATCTG,1,6,17,217,1117
ACACAGAACATCAAGT,1,7,17,251,1117
ACACAGAACGCTGATC,1,8,17,286,1117
ACACAGAAACAAGCTA,1,9,17,320,1117
ACACAGAACTGTAGCC,1,10,17,355,1117
ACACAGAAAGTACAAG,1,11,17,390,1117
ACACAGAAAACAACCA,1,12,17,424,1117
ACACAGAAAACCGAGA,1,13,17,459,1117
ACACAGAAAACGCTTA,1,14,17,494,1117
ACACAGAAAAGACGGA,1,15,17,528,1117
ACACAGAAAAGGTACA,1,16,17,563,1117
ACACAGAAACACAGAA,1,17,17,598,1117
ACACAGAAACAGCAGA,1,18,17,632,1117
ACACAGAAACCTCCAA,1,19,17,667,1117
ACACAGAAACGCTCGA,1,20,17,702,1117
ACACAGAAACGTATCA,1,21,17,736,1117
ACACAGAAACTATGCA,1,22,17,771,1117
ACACAGAAAGAGTCAA,1,23,17,806,1117
ACACAGAAAGATCGCA,1,24,17,840,1117
ACACAGAAAGCAGGAA,1,25,17,875,1117
ACACAGAAAGTCACTA,1,26,17,909,1117
ACACAGAAATCCTGTA,1,27,17,944,1117
ACACAGAAATTGAGGA,1,28,17,979,1117
ACACAGAACAACCACA,1,29,17,1013,1117
ACACAGAAGACTAGTA,1,30,17,1048,1117
ACACAGAACAATGGAA,1,31,17,1083,1117
ACACAGAACACTTCGA,1,32,17,1117,1117
ACACAGAACAGCGTTA,1,33,17,1152,1117
ACACAGAACATACCAA,1,34,17,1187,1117
ACACAGAACCAGTTCA,1,35,17,1221,1117
ACACAGAACCGAAGTA,1,36,17,1256,1117
ACACAGAACCGTGAGA,1,37,17,1291,1117
ACACAGAACCTCCTGA,1,38,17,1325,1117
ACACAGAACGAACTTA,1,39,17,1360,1117
ACACAGAACGACTGGA,1,40,17,1395,1117
ACACAGAACGCATACA,1,41,17,1429,1117
ACACAGAACTCAATGA,1,42,17,1464,1117
ACACAGAACTGAGCCA,1,43,17,1498,1117
ACACAGAACTGGCATA,1,44,17,1533,1117
ACACAGAAGAATCTGA,1,45,17,1568,1117
ACACAGAACAAGACTA,1,46,17,1602,1117
ACACAGAAGAGCTGAA,1,47,17,1637,1117
ACACAGAAGATAGACA,1,48,17,1672,1117
ACACAGAAGCCACATA,1,49,17,1706,1117
ACAGCAGAAACGTGAT,1,0,18,9,1083
ACAGCAGAAAACATCG,1,1,18,43,1083
ACAGCAGAATGCCTAA,1,2,18,78,1083
ACAGCAGAAGTGGTCA,1,3,18,113,1083
ACAGCAGAACCACTGT,1,4,18,147,1083
ACAGCAGAACATTGGC,1,5,18,182,1083
ACAGCAGACAGATCTG,1,6,18,217,1083
ACAGCAGACATCAAGT,1,7,18,251,1083
ACAGCAGACGCTGATC,1,8,18,286,1083
ACAGCAGAACAAGCTA,1,9,18,320,1083
ACAGCAGACTGTAGCC,1,10,18,355,1083
ACAGCAGAAGTACAAG,1,11,18,390,1083
ACAGCAGAAACAACCA,1,12,18,424,1083
ACAGCAGAAACCGAGA,1,13,18,459,1083
ACAGCAGAAACGCTTA,1,14,18,494,1083
ACAGCAGAAAGACGGA,1,15,18,528,1083
ACAGCAGAAAGGTACA,1,16,18,563,1083
ACAGCAGAACACAGAA,1,17,18,598,1083
ACAGCAGAACAGCAGA,1,18,18,632,1083
ACAGCAGAACCTCCAA,1,19,18,667,1083
ACAGCAGAACGCTCGA,1,20,18,702,1083
ACAGCAGAACGTATCA,1,21,18,736,1083
ACAGCAGAACTATGCA,1,22,18,771,1083
ACAGCAGAAGAGTCAA,1,23,18,806,1083
ACAGCAGAAGATCGCA,1,24,18,840,1083
ACAGCAGAAGCAGGAA,1,25,18,875,1083
ACAGCAGAAGTCACTA,1,26,18,909,1083
ACAGCAGAATCCTGTA,1,27,18,944,1083
ACAGCAGAATTGAGGA,1,28,18,979,1083
ACAGCAGACAACCACA,1,29,18,1013,1083
ACAGCAGAGACTAGTA,1,30,18,1048,1083
ACAGCAGACAATGGAA,1,31,18,1083,1083
ACAGCAGACACTTCGA,1,32,18,1117,1083
ACAGCAGACAGCGTTA,1,33,18,1152,1083
ACAGCAGACATACCAA,1,34,18,1187,1083
ACAGCAGACCAGTTCA,1,35,18,1221,1083
ACAGCAGACCGAAGTA,1,36,18,1256,1083
ACAGCAGACCGTGAGA,1,37,18,1291,1083
ACAGCAGACCTCCTGA,1,38,18,1325,1083
ACAGCAGACGAACTTA,1,39,18,1360,1083
ACAGCAGACGACTGGA,1,40,18,1395,1083
ACAGCAGACGCATACA,1,41,18,1429,1083
ACAGCAGACTCAATGA,1,42,18,1464,1083
ACAGCAGACTGAGCCA,1,43,18,1498,1083
ACAGCAGACTGGCATA,1,44,18,1533,1083
ACAGCAGAGAATCTGA,1,45,18,1568,1083
ACAGCAGACAAGACTA,1,46,18,1602,1083
ACAGCAGAGAGCTGAA,1,47,18,1637,1083
ACAGCAGAGATAGACA,1,48,18,1672,1083
ACAGCAGAGCCACATA,1,49,18,1706,1083
ACCTCCAAAACGTGAT,1,0,19,9,1048
ACCTCCAAAAACATCG,1,1,19,43,1048
ACCTCCAAATGCCTAA,1,2,19,78,1048
ACCTCCAAAGTGGTCA,1,3,19,113,1048
ACCTCCAAACCACTGT,1,4,19,147,1048
ACCTCCAAACATTGGC,1,5,19,182,1048
ACCTCCAACAGATCTG,1,6,19,217,1048
ACCTCCAACATCAAGT,1,7,19,251,1048
ACCTCCAACGCTGATC,1,8,19,286,1048
ACCTCCAAACAAGCTA,1,9,19,320,1048
ACCTCCAACTGTAGCC,1,10,19,355,1048
ACCTCCAAAGTACAAG,1,11,19,390,1048
ACCTCCAAAACAACCA,1,12,19,424,1048
ACCTCCAAAACCGAGA,1,13,19,459,1048
ACCTCCAAAACGCTTA,1,14,19,494,1048
ACCTCCAAAAGACGGA,1,15,19,528,1048
ACCTCCAAAAGGTACA,1,16,19,563,1048
ACCTCCAAACACAGAA,1,17,19,598,1048
ACCTCCAAACAGCAGA,1,18,19,632,1048
ACCTCCAAACCTCCAA,1,19,19,667,1048
ACCTCCAAACGCTCGA,1,20,19,702,1048
ACCTCCAAACGTATCA,1,21,19,736,1048
ACCTCCAAACTATGCA,1,22,19,771,1048
ACCTCCAAAGAGTCAA,1,23,19,806,1048
ACCTCCAAAGATCGCA,1,24,19,840,1048
ACCTCCAAAGCAGGAA,1,25,19,875,1048
ACCTCCAAAGTCACTA,1,26,19,909,1048
ACCTCCAAATCCTGTA,1,27,19,944,1048
ACCTCCAAATTGAGGA,1,28,19,979,1048
ACCTCCAACAACCACA,1,29,19,1013,1048
ACCTCCAAGACTAGTA,1,30,19,1048,1048
ACCTCCAACAATGGAA,1,31,19,1083,1048
ACCTCCAACACTTCGA,1,32,19,1117,1048
ACCTCCAACAGCGTTA,1,33,19,1152,1048
ACCTCCAACATACCAA,1,34,19,1187,1048
ACCTCCAACCAGTTCA,1,35,19,1221,1048
ACCTCCAACCGAAGTA,1,36,19,1256,1048
ACCTCCAACCGTGAGA,1,37,19,1291,1048
ACCTCCAACCTCCTGA,1,38,19,1325,1048
ACCTCCAACGAACTTA,1,39,19,1360,1048
ACCTCCAACGACTGGA,1,40,19,1395,1048
ACCTCCAACGCATACA,1,41,19,1429,1048
ACCTCCAACTCAATGA,1,42,19,1464,1048
ACCTCCAACTGAGCCA,1,43,19,1498,1048
ACCTCCAACTGGCATA,1,44,19,1533,1048
ACCTCCAAGAATCTGA,1,45,19,1568,1048
ACCTCCAACAAGACTA,1,46,19,1602,1048
ACCTCCAAGAGCTGAA,1,47,19,1637,1048
ACCTCCAAGATAGACA,1,48,19,1672,1048
ACCTCCAAGCCACATA,1,49,19,1706,1048
ACGCTCGAAACGTGAT,1,0,20,9,1013
ACGCTCGAAAACATCG,1,1,20,43,1013
ACGCTCGAATGCCTAA,1,2,20,78,1013
ACGCTCGAAGTGGTCA,1,3,20,113,1013
ACGCTCGAACCACTGT,1,4,20,147,1013
ACGCTCGAACATTGGC,1,5,20,182,1013
ACGCTCGACAGATCTG,1,6,20,217,1013
ACGCTCGACATCAAGT,1,7,20,251,1013
ACGCTCGACGCTGATC,1,8,20,286,1013
ACGCTCGAACAAGCTA,1,9,20,320,1013
ACGCTCGACTGTAGCC,1,10,20,355,1013
ACGCTCGAAGTACAAG,1,11,20,390,1013
ACGCTCGAAACAACCA,1,12,20,424,1013
ACGCTCGAAACCGAGA,1,13,20,459,1013
ACGCTCGAAACGCTTA,1,14,20,494,1013
ACGCTCGAAAGACGGA,1,15,20,528,1013
ACGCTCGAAAGGTACA,1,16,20,563,1013
ACGCTCGAACACAGAA,1,17,20,598,1013
ACGCTCGAACAGCAGA,1,18,20,632,1013
ACGCTCGAACCTCCAA,1,19,20,667,1013
ACGCTCGAACGCTCGA,1,20,20,702,1013
ACGCTCGAACGTATCA,1,21,20,736,1013
ACGCTCGAACTATGCA,1,22,20,771,1013
ACGCTCGAAGAGTCAA,1,23,20,806,1013
ACGCTCGAAGATCGCA,1,24,20,840,1013
ACGCTCGAAGCAGGAA,1,25,20,875,1013
ACGCTCGAAGTCACTA,1,26,20,909,1013
ACGCTCGAATCCTGTA,1,27,20,944,1013
ACGCTCGAATTGAGGA,1,28,20,979,1013
ACGCTCGACAACCACA,1,29,20,1013,1013
ACGCTCGAGACTAGTA,1,30,20,1048,1013
ACGCTCGACAATGGAA,1,31,20,1083,1013
ACGCTCGACACTTCGA,1,32,20,1117,1013
ACGCTCGACAGCGTTA,1,33,20,1152,1013
ACGCTCGACATACCAA,1,34,20,1187,1013
ACGCTCGACCAGTTCA,1,35,20,1221,1013
ACGCTCGACCGAAGTA,1,36,20,1256,1013
ACGCTCGACCGTGAGA,1,37,20,1291,1013
ACGCTCGACCTCCTGA,1,38,20,1325,1013
ACGCTCGACGAACTTA,1,39,20,1360,1013
ACGCTCGACGACTGGA,1,40,20,1395,1013
ACGCTCGACGCATACA,1,41,20,1429,1013
ACGCTCGACTCAATGA,1,42,20,1464,1013
ACGCTCGACTGAGCCA,1,43,20,1498,1013
ACGCTCGACTGGCATA,1,44,20,1533,1013
ACGCTCGAGAATCTGA,1,45,20,1568,1013
ACGCTCGACAAGACTA,1,46,20,1602,1013
ACGCTCGAGAGCTGAA,1,47,20,1637,1013
ACGCTCGAGATAGACA,1,48,20,1672,1013
ACGCTCGAGCCACATA,1,49,20,1706,1013
ACGTATCAAACGTGAT,1,0,21,9,979
ACGTATCAAAACATCG,1,1,21,43,979
ACGTATCAATGCCTAA,1,2,21,78,979
ACGTATCAAGTGGTCA,1,3,21,113,979
ACGTATCAACCACTGT,1,4,21,147,979
ACGTATCAACATTGGC,1,5,21,182,979
ACGTATCACAGATCTG,1,6,21,217,979
ACGTATCACATCAAGT,1,7,21,251,979
ACGTATCACGCTGATC,1,8,21,286,979
ACGTATCAACAAGCTA,1,9,21,320,979
ACGTATCACTGTAGCC,1,10,21,355,979
ACGTATCAAGTACAAG,1,11,21,390,979
ACGTATCAAACAACCA,1,12,21,424,979
ACGTATCAAACCGAGA,1,13,21,459,979
ACGTATCAAACGCTTA,1,14,21,494,979
ACGTATCAAAGACGGA,1,15,21,528,979
ACGTATCAAAGGTACA,1,16,21,563,979
ACGTATCAACACAGAA,1,17,21,598,979
ACGTATCAACAGCAGA,1,18,21,632,979
ACGTATCAACCTCCAA,1,19,21,667,979
ACGTATCAACGCTCGA,1,20,21,702,979
ACGTATCAACGTATCA,1,21,21,736,979
ACGTATCAACTATGCA,1,22,21,771,979
ACGTATCAAGAGTCAA,1,23,21,806,979
ACGTATCAAGATCGCA,1,24,21,840,979
ACGTATCAAGCAGGAA,1,25,21,875,979
ACGTATCAAGTCACTA,1,26,21,909,979
ACGTATCAATCCTGTA,1,27,21,944,979
ACGTATCAATTGAGGA,1,28,21,979,979
ACGTATCACAACCACA,1,29,21,1013,979
ACGTATCAGACTAGTA,1,30,21,1048,979
ACGTATCACAATGGAA,1,31,21,1083,979
ACGTATCACACTTCGA,1,32,21,1117,979
ACGTATCACAGCGTTA,1,33,21,1152,979
ACGTATCACATACCAA,1,34,21,1187,979
ACGTATCACCAGTTCA,1,35,21,1221,979
ACGTATCACCGAAGTA,1,36,21,1256,979
ACGTATCACCGTGAGA,1,37,21,1291,979
ACGTATCACCTCCTGA,1,38,21,1325,979
ACGTATCACGAACTTA,1,39,21,1360,979
ACGTATCACGACTGGA,1,40,21,1395,979
ACGTATCACGCATACA,1,41,21,1429,979
ACGTATCACTCAATGA,1,42,21,1464,979
ACGTATCACTGAGCCA,1,43,21,1498,979
ACGTATCACTGGCATA,1,44,21,1533,979
ACGTATCAGAATCTGA,1,45,21,1568,979
ACGTATCACAAGACTA,1,46,21,1602,979
ACGTATCAGAGCTGAA,1,47,21,1637,979
ACGTATCAGATAGACA,1,48,21,1672,979
ACGTATCAGCCACATA,1,49,21,1706,979
ACTATGCAAACGTGAT,1,0,22,9,944
ACTATGCAAAACATCG,1,1,22,43,944
ACTATGCAATGCCTAA,1,2,22,78,944
ACTATGCAAGTGGTCA,1,3,22,113,944
ACTATGCAACCACTGT,1,4,22,147,944
ACTATGCAACATTGGC,1,5,22,182,944
ACTATGCACAGATCTG,1,6,22,217,944
ACTATGCACATCAAGT,1,7,22,251,944
ACTATGCACGCTGATC,1,8,22,286,944
ACTATGCAACAAGCTA,1,9,22,320,944
ACTATGCACTGTAGCC,1,10,22,355,944
ACTATGCAAGTACAAG,1,11,22,390,944
ACTATGCAAACAACCA,1,12,22,424,944
ACTATGCAAACCGAGA,1,13,22,459,944
ACTATGCAAACGCTTA,1,14,22,494,944
ACTATGCAAAGACGGA,1,15,22,528,944
ACTATGCAAAGGTACA,1,16,22,563,944
ACTATGCAACACAGAA,1,17,22,598,944
ACTATGCAACAGCAGA,1,18,22,632,944
ACTATGCAACCTCCAA,1,19,22,667,944
ACTATGCAACGCTCGA,1,20,22,702,944
ACTATGCAACGTATCA,1,21,22,736,944
ACTATGCAACTATGCA,1,22,22,771,944
ACTATGCAAGAGTCAA,1,23,22,806,944
ACTATGCAAGATCGCA,1,24,22,840,944
ACTATGCAAGCAGGAA,1,25,22,875,944
ACTATGCAAGTCACTA,1,26,22,909,944
ACTATGCAATCCTGTA,1,27,22,944,944
ACTATGCAATTGAGGA,1,28,22,979,944
ACTATGCACAACCACA,1,29,22,1013,944
ACTATGCAGACTAGTA,1,30,22,1048,944
ACTATGCACAATGGAA,1,31,22,1083,944
ACTATGCACACTTCGA,1,32,22,1117,944
ACTATGCACAGCGTTA,1,33,22,1152,944
ACTATGCACATACCAA,1,34,22,1187,944
ACTATGCACCAGTTCA,1,35,22,1221,944
ACTATGCACCGAAGTA,1,36,22,1256,944
ACTATGCACCGTGAGA,1,37,22,1291,944
ACTATGCACCTCCTGA,1,38,22,1325,944
ACTATGCACGAACTTA,1,39,22,1360,944
ACTATGCACGACTGGA,1,40,22,1395,944
ACTATGCACGCATACA,1,41,22,1429,944
ACTATGCACTCAATGA,1,42,22,1464,944
ACTATGCACTGAGCCA,1,43,22,1498,944
ACTATGCACTGGCATA,1,44,22,1533,944
ACTATGCAGAATCTGA,1,45,22,1568,944
ACTATGCACAAGACTA,0,46,22,1602,944
ACTATGCAGAGCTGAA,1,47,22,1637,944
ACTATGCAGATAGACA,1,48,22,1672,944
ACTATGCAGCCACATA,1,49,22,1706,944
AGAGTCAAAACGTGAT,1,0,23,9,909
AGAGTCAAAAACATCG,1,1,23,43,909
AGAGTCAAATGCCTAA,1,2,23,78,909
AGAGTCAAAGTGGTCA,1,3,23,113,909
AGAGTCAAACCACTGT,1,4,23,147,909
AGAGTCAAACATTGGC,1,5,23,182,909
AGAGTCAACAGATCTG,1,6,23,217,909
AGAGTCAACATCAAGT,1,7,23,251,909
AGAGTCAACGCTGATC,1,8,23,286,909
AGAGTCAAACAAGCTA,1,9,23,320,909
AGAGTCAACTGTAGCC,1,10,23,355,909
AGAGTCAAAGTACAAG,1,11,23,390,909
AGAGTCAAAACAACCA,1,12,23,424,909
AGAGTCAAAACCGAGA,1,13,23,459,909
AGAGTCAAAACGCTTA,1,14,23,494,909
AGAGTCAAAAGACGGA,1,15,23,528,909
AGAGTCAAAAGGTACA,1,16,23,563,909
AGAGTCAAACACAGAA,1,17,23,598,909
AGAGTCAAACAGCAGA,1,18,23,632,909
AGAGTCAAACCTCCAA,1,19,23,667,909
AGAGTCAAACGCTCGA,1,20,23,702,909
AGAGTCAAACGTATCA,1,21,23,736,909
AGAGTCAAACTATGCA,1,22,23,771,909
AGAGTCAAAGAGTCAA,1,23,23,806,909
AGAGTCAAAGATCGCA,1,24,23,840,909
AGAGTCAAAGCAGGAA,1,25,23,875,909
AGAGTCAAAGTCACTA,1,26,23,909,909
AGAGTCAAATCCTGTA,1,27,23,944,909
AGAGTCAAATTGAGGA,1,28,23,979,909
AGAGTCAACAACCACA,1,29,23,1013,909
AGAGTCAAGACTAGTA,1,30,23,1048,909
AGAGTCAACAATGGAA,1,31,23,1083,909
AGAGTCAACACTTCGA,1,32,23,1117,909
AGAGTCAACAGCGTTA,1,33,23,1152,909
AGAGTCAACATACCAA,1,34,23,1187,909
AGAGTCAACCAGTTCA,1,35,23,1221,909
AGAGTCAACCGAAGTA,1,36,23,1256,909
AGAGTCAACCGTGAGA,1,37,23,1291,909
AGAGTCAACCTCCTGA,1,38,23,1325,909
AGAGTCAACGAACTTA,1,39,23,1360,909
AGAGTCAACGACTGGA,1,40,23,1395,909
AGAGTCAACGCATACA,1,41,23,1429,909
AGAGTCAACTCAATGA,1,42,23,1464,909
AGAGTCAACTGAGCCA,1,43,23,1498,909
AGAGTCAACTGGCATA,1,44,23,1533,909
AGAGTCAAGAATCTGA,0,45,23,1568,909
AGAGTCAACAAGACTA,0,46,23,1602,909
AGAGTCAAGAGCTGAA,1,47,23,1637,909
AGAGTCAAGATAGACA,1,48,23,1672,909
AGAGTCAAGCCACATA,1,49,23,1706,909
AGATCGCAAACGTGAT,1,0,24,9,875
AGATCGCAAAACATCG,1,1,24,43,875
AGATCGCAATGCCTAA,1,2,24,78,875
AGATCGCAAGTGGTCA,1,3,24,113,875
AGATCGCAACCACTGT,1,4,24,147,875
AGATCGCAACATTGGC,1,5,24,182,875
AGATCGCACAGATCTG,1,6,24,217,875
AGATCGCACATCAAGT,1,7,24,251,875
AGATCGCACGCTGATC,1,8,24,286,875
AGATCGCAACAAGCTA,1,9,24,320,875
AGATCGCACTGTAGCC,1,10,24,355,875
AGATCGCAAGTACAAG,1,11,24,390,875
AGATCGCAAACAACCA,1,12,24,424,875
AGATCGCAAACCGAGA,1,13,24,459,875
AGATCGCAAACGCTTA,1,14,24,494,875
AGATCGCAAAGACGGA,1,15,24,528,875
AGATCGCAAAGGTACA,1,16,24,563,875
AGATCGCAACACAGAA,1,17,24,598,875
AGATCGCAACAGCAGA,1,18,24,632,875
AGATCGCAACCTCCAA,1,19,24,667,875
AGATCGCAACGCTCGA,1,20,24,702,875
AGATCGCAACGTATCA,1,21,24,736,875
AGATCGCAACTATGCA,1,22,24,771,875
AGATCGCAAGAGTCAA,1,23,24,806,875
AGATCGCAAGATCGCA,1,24,24,840,875
AGATCGCAAGCAGGAA,1,25,24,875,875
AGATCGCAAGTCACTA,1,26,24,909,875
AGATCGCAATCCTGTA,1,27,24,944,875
AGATCGCAATTGAGGA,1,28,24,979,875
AGATCGCACAACCACA,1,29,24,1013,875
AGATCGCAGACTAGTA,1,30,24,1048,875
AGATCGCACAATGGAA,1,31,24,1083,875
AGATCGCACACTTCGA,1,32,24,1117,875
AGATCGCACAGCGTTA,1,33,24,1152,875
AGATCGCACATACCAA,1,34,24,1187,875
AGATCGCACCAGTTCA,1,35,24,1221,875
AGATCGCACCGAAGTA,1,36,24,1256,875
AGATCGCACCGTGAGA,1,37,24,1291,875
AGATCGCACCTCCTGA,1,38,24,1325,875
AGATCGCACGAACTTA,1,39,24,1360,875
AGATCGCACGACTGGA,1,40,24,1395,875
AGATCGCACGCATACA,1,41,24,1429,875
AGATCGCACTCAATGA,1,42,24,1464,875
AGATCGCACTGAGCCA,1,43,24,1498,875
AGATCGCACTGGCATA,1,44,24,1533,875
AGATCGCAGAATCTGA,0,45,24,1568,875
AGATCGCACAAGACTA,0,46,24,1602,875
AGATCGCAGAGCTGAA,1,47,24,1637,875
AGATCGCAGATAGACA,1,48,24,1672,875
AGATCGCAGCCACATA,1,49,24,1706,875
AGCAGGAAAACGTGAT,1,0,25,9,840
AGCAGGAAAAACATCG,1,1,25,43,840
AGCAGGAAATGCCTAA,1,2,25,78,840
AGCAGGAAAGTGGTCA,1,3,25,113,840
AGCAGGAAACCACTGT,1,4,25,147,840
AGCAGGAAACATTGGC,1,5,25,182,840
AGCAGGAACAGATCTG,1,6,25,217,840
AGCAGGAACATCAAGT,1,7,25,251,840
AGCAGGAACGCTGATC,1,8,25,286,840
AGCAGGAAACAAGCTA,1,9,25,320,840
AGCAGGAACTGTAGCC,1,10,25,355,840
AGCAGGAAAGTACAAG,1,11,25,390,840
AGCAGGAAAACAACCA,1,12,25,424,840
AGCAGGAAAACCGAGA,1,13,25,459,840
AGCAGGAAAACGCTTA,1,14,25,494,840
AGCAGGAAAAGACGGA,1,15,25,528,840
AGCAGGAAAAGGTACA,1,16,25,563,840
AGCAGGAAACACAGAA,1,17,25,598,840
AGCAGGAAACAGCAGA,1,18,25,632,840
AGCAGGAAACCTCCAA,1,19,25,667,840
AGCAGGAAACGCTCGA,1,20,25,702,840
AGCAGGAAACGTATCA,1,21,25,736,840
AGCAGGAAACTATGCA,1,22,25,771,840
AGCAGGAAAGAGTCAA,1,23,25,806,840
AGCAGGAAAGATCGCA,1,24,25,840,840
AGCAGGAAAGCAGGAA,1,25,25,875,840
AGCAGGAAAGTCACTA,1,26,25,909,840
AGCAGGAAATCCTGTA,1,27,25,944,840
AGCAGGAAATTGAGGA,1,28,25,979,840
AGCAGGAACAACCACA,1,29,25,1013,840
AGCAGGAAGACTAGTA,1,30,25,1048,840
AGCAGGAACAATGGAA,1,31,25,1083,840
AGCAGGAACACTTCGA,1,32,25,1117,840
AGCAGGAACAGCGTTA,1,33,25,1152,840
AGCAGGAACATACCAA,1,34,25,1187,840
AGCAGGAACCAGTTCA,1,35,25,1221,840
AGCAGGAACCGAAGTA,1,36,25,1256,840
AGCAGGAACCGTGAGA,1,37,25,1291,840
AGCAGGAACCTCCTGA,1,38,25,1325,840
AGCAGGAACGAACTTA,1,39,25,1360,840
AGCAGGAACGACTGGA,1,40,25,1395,840
AGCAGGAACGCATACA,1,41,25,1429,840
AGCAGGAACTCAATGA,1,42,25,1464,840
AGCAGGAACTGAGCCA,1,43,25,1498,840
AGCAGGAACTGGCATA,0,44,25,1533,840
AGCAGGAAGAATCTGA,0,45,25,1568,840
AGCAGGAACAAGACTA,0,46,25,1602,840
AGCAGGAAGAGCTGAA,1,47,25,1637,840
AGCAGGAAGATAGACA,1,48,25,1672,840
AGCAGGAAGCCACATA,1,49,25,1706,840
AGTCACTAAACGTGAT,1,0,26,9,806
AGTCACTAAAACATCG,1,1,26,43,806
AGTCACTAATGCCTAA,1,2,26,78,806
AGTCACTAAGTGGTCA,1,3,26,113,806
AGTCACTAACCACTGT,1,4,26,147,806
AGTCACTAACATTGGC,1,5,26,182,806
AGTCACTACAGATCTG,1,6,26,217,806
AGTCACTACATCAAGT,1,7,26,251,806
AGTCACTACGCTGATC,1,8,26,286,806
AGTCACTAACAAGCTA,1,9,26,320,806
AGTCACTACTGTAGCC,1,10,26,355,806
AGTCACTAAGTACAAG,1,11,26,390,806
AGTCACTAAACAACCA,1,12,26,424,806
AGTCACTAAACCGAGA,1,13,26,459,806
AGTCACTAAACGCTTA,1,14,26,494,806
AGTCACTAAAGACGGA,1,15,26,528,806
AGTCACTAAAGGTACA,1,16,26,563,806
AGTCACTAACACAGAA,1,17,26,598,806
AGTCACTAACAGCAGA,1,18,26,632,806
AGTCACTAACCTCCAA,1,19,26,667,806
AGTCACTAACGCTCGA,1,20,26,702,806
AGTCACTAACGTATCA,1,21,26,736,806
AGTCACTAACTATGCA,1,22,26,771,806
AGTCACTAAGAGTCAA,1,23,26,806,806
AGTCACTAAGATCGCA,1,24,26,840,806
AGTCACTAAGCAGGAA,1,25,26,875,806
AGTCACTAAGTCACTA,1,26,26,909,806
AGTCACTAATCCTGTA,1,27,26,944,806
AGTCACTAATTGAGGA,1,28,26,979,806
AGTCACTACAACCACA,1,29,26,1013,806
AGTCACTAGACTAGTA,1,30,26,1048,806
AGTCACTACAATGGAA,1,31,26,1083,806
AGTCACTACACTTCGA,1,32,26,1117,806
AGTCACTACAGCGTTA,1,33,26,1152,806
AGTCACTACATACCAA,1,34,26,1187,806
AGTCACTACCAGTTCA,1,35,26,1221,806
AGTCACTACCGAAGTA,1,36,26,1256,806
AGTCACTACCGTGAGA,1,37,26,1291,806
AGTCACTACCTCCTGA,1,38,26,1325,806
AGTCACTACGAACTTA,1,39,26,1360,806
AGTCACTACGACTGGA,1,40,26,1395,806
AGTCACTACGCATACA,1,41,26,1429,806
AGTCACTACTCAATGA,0,42,26,1464,806
AGTCACTACTGAGCCA,0,43,26,1498,806
AGTCACTACTGGCATA,0,44,26,1533,806
AGTCACTAGAATCTGA,0,45,26,1568,806
AGTCACTACAAGACTA,0,46,26,1602,806
AGTCACTAGAGCTGAA,0,47,26,1637,806
AGTCACTAGATAGACA,1,48,26,1672,806
AGTCACTAGCCACATA,1,49,26,1706,806
ATCCTGTAAACGTGAT,1,0,27,9,771
ATCCTGTAAAACATCG,1,1,27,43,771
ATCCTGTAATGCCTAA,1,2,27,78,771
ATCCTGTAAGTGGTCA,1,3,27,113,771
ATCCTGTAACCACTGT,1,4,27,147,771
ATCCTGTAACATTGGC,1,5,27,182,771
ATCCTGTACAGATCTG,1,6,27,217,771
ATCCTGTACATCAAGT,1,7,27,251,771
ATCCTGTACGCTGATC,1,8,27,286,771
ATCCTGTAACAAGCTA,1,9,27,320,771
ATCCTGTACTGTAGCC,1,10,27,355,771
ATCCTGTAAGTACAAG,1,11,27,390,771
ATCCTGTAAACAACCA,1,12,27,424,771
ATCCTGTAAACCGAGA,1,13,27,459,771
ATCCTGTAAACGCTTA,1,14,27,494,771
ATCCTGTAAAGACGGA,1,15,27,528,771
ATCCTGTAAAGGTACA,1,16,27,563,771
ATCCTGTAACACAGAA,1,17,27,598,771
ATCCTGTAACAGCAGA,1,18,27,632,771
ATCCTGTAACCTCCAA,1,19,27,667,771
ATCCTGTAACGCTCGA,1,20,27,702,771
ATCCTGTAACGTATCA,1,21,27,736,771
ATCCTGTAACTATGCA,1,22,27,771,771
ATCCTGTAAGAGTCAA,1,23,27,806,771
ATCCTGTAAGATCGCA,1,24,27,840,771
ATCCTGTAAGCAGGAA,1,25,27,875,771
ATCCTGTAAGTCACTA,1,26,27,909,771
ATCCTGTAATCCTGTA,1,27,27,944,771
ATCCTGTAATTGAGGA,1,28,27,979,771
ATCCTGTACAACCACA,1,29,27,1013,771
ATCCTGTAGACTAGTA,1,30,27,1048,771
ATCCTGTACAATGGAA,1,31,27,1083,771
ATCCTGTACACTTCGA,1,32,27,1117,771
ATCCTGTACAGCGTTA,1,33,27,1152,771
ATCCTGTACATACCAA,1,34,27,1187,771
ATCCTGTACCAGTTCA,1,35,27,1221,771
ATCCTGTACCGAAGTA,1,36,27,1256,771
ATCCTGTACCGTGAGA,1,37,27,1291,771
ATCCTGTACCTCCTGA,0,38,27,1325,771
ATCCTGTACGAACTTA,0,39,27,1360,771
ATCCTGTACGACTGGA,0,40,27,1395,771
ATCCTGTACGCATACA,0,41,27,1429,771
ATCCTGTACTCAATGA,0,42,27,1464,771
ATCCTGTACTGAGCCA,0,43,27,1498,771
ATCCTGTACTGGCATA,0,44,27,1533,771
ATCCTGTAGAATCTGA,0,45,27,1568,771
ATCCTGTACAAGACTA,0,46,27,1602,771
ATCCTGTAGAGCTGAA,0,47,27,1637,771
ATCCTGTAGATAGACA,1,48,27,1672,771
ATCCTGTAGCCACATA,1,49,27,1706,771
ATTGAGGAAACGTGAT,1,0,28,9,736
ATTGAGGAAAACATCG,1,1,28,43,736
ATTGAGGAATGCCTAA,1,2,28,78,736
ATTGAGGAAGTGGTCA,1,3,28,113,736
ATTGAGGAACCACTGT,1,4,28,147,736
ATTGAGGAACATTGGC,1,5,28,182,736
ATTGAGGACAGATCTG,1,6,28,217,736
ATTGAGGACATCAAGT,1,7,28,251,736
ATTGAGGACGCTGATC,1,8,28,286,736
ATTGAGGAACAAGCTA,1,9,28,320,736
ATTGAGGACTGTAGCC,1,10,28,355,736
ATTGAGGAAGTACAAG,1,11,28,390,736
ATTGAGGAAACAACCA,1,12,28,424,736
ATTGAGGAAACCGAGA,1,13,28,459,736
ATTGAGGAAACGCTTA,1,14,28,494,736
ATTGAGGAAAGACGGA,1,15,28,528,736
ATTGAGGAAAGGTACA,1,16,28,563,736
ATTGAGGAACACAGAA,1,17,28,598,736
ATTGAGGAACAGCAGA,1,18,28,632,736
ATTGAGGAACCTCCAA,1,19,28,667,736
ATTGAGGAACGCTCGA,1,20,28,702,736
ATTGAGGAACGTATCA,1,21,28,736,736
ATTGAGGAACTATGCA,1,22,28,771,736
ATTGAGGAAGAGTCAA,1,23,28,806,736
ATTGAGGAAGATCGCA,1,24,28,840,736
ATTGAGGAAGCAGGAA,1,25,28,875,736
ATTGAGGAAGTCACTA,1,26,28,909,736
ATTGAGGAATCCTGTA,1,27,28,944,736
ATTGAGGAATTGAGGA,1,28,28,979,736
ATTGAGGACAACCACA,1,29,28,1013,736
ATTGAGGAGACTAGTA,1,30,28,1048,736
ATTGAGGACAATGGAA,1,31,28,1083,736
ATTGAGGACACTTCGA,1,32,28,1117,736
ATTGAGGACAGCGTTA,1,33,28,1152,736
ATTGAGGACATACCAA,1,34,28,1187,736
ATTGAGGACCAGTTCA,0,35,28,1221,736
ATTGAGGACCGAAGTA,0,36,28,1256,736
ATTGAGGACCGTGAGA,0,37,28,1291,736
ATTGAGGACCTCCTGA,0,38,28,1325,736
ATTGAGGACGAACTTA,0,39,28,1360,736
ATTGAGGACGACTGGA,0,40,28,1395,736
ATTGAGGACGCATACA,0,41,28,1429,736
ATTGAGGACTCAATGA,0,42,28,1464,736
ATTGAGGACTGAGCCA,0,43,28,1498,736
ATTGAGGACTGGCATA,0,44,28,1533,736
ATTGAGGAGAATCTGA,0,45,28,1568,736
ATTGAGGACAAGACTA,0,46,28,1602,736
ATTGAGGAGAGCTGAA,1,47,28,1637,736
ATTGAGGAGATAGACA,1,48,28,1672,736
ATTGAGGAGCCACATA,1,49,28,1706,736
CAACCACAAACGTGAT,1,0,29,9,702
CAACCACAAAACATCG,1,1,29,43,702
CAACCACAATGCCTAA,1,2,29,78,702
CAACCACAAGTGGTCA,1,3,29,113,702
CAACCACAACCACTGT,1,4,29,147,702
CAACCACAACATTGGC,1,5,29,182,702
CAACCACACAGATCTG,1,6,29,217,702
CAACCACACATCAAGT,1,7,29,251,702
CAACCACACGCTGATC,1,8,29,286,702
CAACCACAACAAGCTA,1,9,29,320,702
CAACCACACTGTAGCC,1,10,29,355,702
CAACCACAAGTACAAG,1,11,29,390,702
CAACCACAAACAACCA,1,12,29,424,702
CAACCACAAACCGAGA,1,13,29,459,702
CAACCACAAACGCTTA,1,14,29,494,702
CAACCACAAAGACGGA,1,15,29,528,702
CAACCACAAAGGTACA,1,16,29,563,702
CAACCACAACACAGAA,1,17,29,598,702
CAACCACAACAGCAGA,1,18,29,632,702
CAACCACAACCTCCAA,1,19,29,667,702
CAACCACAACGCTCGA,1,20,29,702,702
CAACCACAACGTATCA,1,21,29,736,702
CAACCACAACTATGCA,1,22,29,771,702
CAACCACAAGAGTCAA,1,23,29,806,702
CAACCACAAGATCGCA,1,24,29,840,702
CAACCACAAGCAGGAA,1,25,29,875,702
CAACCACAAGTCACTA,1,26,29,909,702
CAACCACAATCCTGTA,1,27,29,944,702
CAACCACAATTGAGGA,1,28,29,979,702
CAACCACACAACCACA,1,29,29,1013,702
CAACCACAGACTAGTA,1,30,29,1048,702
CAACCACACAATGGAA,1,31,29,1083,702
CAACCACACACTTCGA,1,32,29,1117,702
CAACCACACAGCGTTA,1,33,29,1152,702
CAACCACACATACCAA,1,34,29,1187,702
CAACCACACCAGTTCA,1,35,29,1221,702
CAACCACACCGAAGTA,1,36,29,1256,702
CAACCACACCGTGAGA,1,37,29,1291,702
CAACCACACCTCCTGA,1,38,29,1325,702
CAACCACACGAACTTA,1,39,29,1360,702
CAACCACACGACTGGA,1,40,29,1395,702
CAACCACACGCATACA,1,41,29,1429,702
CAACCACACTCAATGA,1,42,29,1464,702
CAACCACACTGAGCCA,1,43,29,1498,702
CAACCACACTGGCATA,1,44,29,1533,702
CAACCACAGAATCTGA,1,45,29,1568,702
CAACCACACAAGACTA,1,46,29,1602,702
CAACCACAGAGCTGAA,1,47,29,1637,702
CAACCACAGATAGACA,1,48,29,1672,702
CAACCACAGCCACATA,1,49,29,1706,702
GACTAGTAAACGTGAT,1,0,30,9,667
GACTAGTAAAACATCG,1,1,30,43,667
GACTAGTAATGCCTAA,1,2,30,78,667
GACTAGTAAGTGGTCA,1,3,30,113,667
GACTAGTAACCACTGT,1,4,30,147,667
GACTAGTAACATTGGC,1,5,30,182,667
GACTAGTACAGATCTG,1,6,30,217,667
GACTAGTACATCAAGT,1,7,30,251,667
GACTAGTACGCTGATC,1,8,30,286,667
GACTAGTAACAAGCTA,1,9,30,320,667
GACTAGTACTGTAGCC,1,10,30,355,667
GACTAGTAAGTACAAG,1,11,30,390,667
GACTAGTAAACAACCA,1,12,30,424,667
GACTAGTAAACCGAGA,1,13,30,459,667
GACTAGTAAACGCTTA,1,14,30,494,667
GACTAGTAAAGACGGA,1,15,30,528,667
GACTAGTAAAGGTACA,1,16,30,563,667
GACTAGTAACACAGAA,1,17,30,598,667
GACTAGTAACAGCAGA,1,18,30,632,667
GACTAGTAACCTCCAA,1,19,30,667,667
GACTAGTAACGCTCGA,1,20,30,702,667
GACTAGTAACGTATCA,1,21,30,736,667
GACTAGTAACTATGCA,1,22,30,771,667
GACTAGTAAGAGTCAA,1,23,30,806,667
GACTAGTAAGATCGCA,1,24,30,840,667
GACTAGTAAGCAGGAA,1,25,30,875,667
GACTAGTAAGTCACTA,1,26,30,909,667
GACTAGTAATCCTGTA,1,27,30,944,667
GACTAGTAATTGAGGA,1,28,30,979,667
GACTAGTACAACCACA,1,29,30,1013,667
GACTAGTAGACTAGTA,1,30,30,1048,667
GACTAGTACAATGGAA,1,31,30,1083,667
GACTAGTACACTTCGA,1,32,30,1117,667
GACTAGTACAGCGTTA,1,33,30,1152,667
GACTAGTACATACCAA,1,34,30,1187,667
GACTAGTACCAGTTCA,1,35,30,1221,667
GACTAGTACCGAAGTA,1,36,30,1256,667
GACTAGTACCGTGAGA,1,37,30,1291,667
GACTAGTACCTCCTGA,1,38,30,1325,667
GACTAGTACGAACTTA,1,39,30,1360,667
GACTAGTACGACTGGA,1,40,30,1395,667
GACTAGTACGCATACA,1,41,30,1429,667
GACTAGTACTCAATGA,1,42,30,1464,667
GACTAGTACTGAGCCA,1,43,30,1498,667
GACTAGTACTGGCATA,1,44,30,1533,667
GACTAGTAGAATCTGA,1,45,30,1568,667
GACTAGTACAAGACTA,1,46,30,1602,667
GACTAGTAGAGCTGAA,1,47,30,1637,667
GACTAGTAGATAGACA,1,48,30,1672,667
GACTAGTAGCCACATA,1,49,30,1706,667
CAATGGAAAACGTGAT,1,0,31,9,632
CAATGGAAAAACATCG,1,1,31,43,632
CAATGGAAATGCCTAA,1,2,31,78,632
CAATGGAAAGTGGTCA,1,3,31,113,632
CAATGGAAACCACTGT,1,4,31,147,632
CAATGGAAACATTGGC,1,5,31,182,632
CAATGGAACAGATCTG,1,6,31,217,632
CAATGGAACATCAAGT,1,7,31,251,632
CAATGGAACGCTGATC,1,8,31,286,632
CAATGGAAACAAGCTA,1,9,31,320,632
CAATGGAACTGTAGCC,1,10,31,355,632
CAATGGAAAGTACAAG,1,11,31,390,632
CAATGGAAAACAACCA,1,12,31,424,632
CAATGGAAAACCGAGA,1,13,31,459,632
CAATGGAAAACGCTTA,1,14,31,494,632
CAATGGAAAAGACGGA,1,15,31,528,632
CAATGGAAAAGGTACA,1,16,31,563,632
CAATGGAAACACAGAA,1,17,31,598,632
CAATGGAAACAGCAGA,1,18,31,632,632
CAATGGAAACCTCCAA,1,19,31,667,632
CAATGGAAACGCTCGA,1,20,31,702,632
CAATGGAAACGTATCA,1,21,31,736,632
CAATGGAAACTATGCA,1,22,31,771,632
CAATGGAAAGAGTCAA,1,23,31,806,632
CAATGGAAAGATCGCA,1,24,31,840,632
CAATGGAAAGCAGGAA,1,25,31,875,632
CAATGGAAAGTCACTA,1,26,31,909,632
CAATGGAAATCCTGTA,1,27,31,944,632
CAATGGAAATTGAGGA,1,28,31,979,632
CAATGGAACAACCACA,1,29,31,1013,632
CAATGGAAGACTAGTA,1,30,31,1048,632
CAATGGAACAATGGAA,1,31,31,1083,632
CAATGGAACACTTCGA,1,32,31,1117,632
CAATGGAACAGCGTTA,1,33,31,1152,632
CAATGGAACATACCAA,1,34,31,1187,632
CAATGGAACCAGTTCA,1,35,31,1221,632
CAATGGAACCGAAGTA,1,36,31,1256,632
CAATGGAACCGTGAGA,1,37,31,1291,632
CAATGGAACCTCCTGA,1,38,31,1325,632
CAATGGAACGAACTTA,1,39,31,1360,632
CAATGGAACGACTGGA,1,40,31,1395,632
CAATGGAACGCATACA,1,41,31,1429,632
CAATGGAACTCAATGA,1,42,31,1464,632
CAATGGAACTGAGCCA,1,43,31,1498,632
CAATGGAACTGGCATA,1,44,31,1533,632
CAATGGAAGAATCTGA,1,45,31,1568,632
CAATGGAACAAGACTA,1,46,31,1602,632
CAATGGAAGAGCTGAA,1,47,31,1637,632
CAATGGAAGATAGACA,1,48,31,1672,632
CAATGGAAGCCACATA,1,49,31,1706,632
CACTTCGAAACGTGAT,1,0,32,9,598
CACTTCGAAAACATCG,1,1,32,43,598
CACTTCGAATGCCTAA,1,2,32,78,598
CACTTCGAAGTGGTCA,1,3,32,113,598
CACTTCGAACCACTGT,1,4,32,147,598
CACTTCGAACATTGGC,1,5,32,182,598
CACTTCGACAGATCTG,1,6,32,217,598
CACTTCGACATCAAGT,1,7,32,251,598
CACTTCGACGCTGATC,1,8,32,286,598
CACTTCGAACAAGCTA,1,9,32,320,598
CACTTCGACTGTAGCC,1,10,32,355,598
CACTTCGAAGTACAAG,1,11,32,390,598
CACTTCGAAACAACCA,1,12,32,424,598
CACTTCGAAACCGAGA,1,13,32,459,598
CACTTCGAAACGCTTA,1,14,32,494,598
CACTTCGAAAGACGGA,1,15,32,528,598
CACTTCGAAAGGTACA,1,16,32,563,598
CACTTCGAACACAGAA,1,17,32,598,598
CACTTCGAACAGCAGA,1,18,32,632,598
CACTTCGAACCTCCAA,1,19,32,667,598
CACTTCGAACGCTCGA,1,20,32,702,598
CACTTCGAACGTATCA,1,21,32,736,598
CACTTCGAACTATGCA,1,22,32,771,598
CACTTCGAAGAGTCAA,1,23,32,806,598
CACTTCGAAGATCGCA,1,24,32,840,598
CACTTCGAAGCAGGAA,1,25,32,875,598
CACTTCGAAGTCACTA,1,26,32,909,598
CACTTCGAATCCTGTA,1,27,32,944,598
CACTTCGAATTGAGGA,1,28,32,979,598
CACTTCGACAACCACA,1,29,32,1013,598
CACTTCGAGACTAGTA,1,30,32,1048,598
CACTTCGACAATGGAA,1,31,32,1083,598
CACTTCGACACTTCGA,1,32,32,1117,598
CACTTCGACAGCGTTA,1,33,32,1152,598
CACTTCGACATACCAA,1,34,32,1187,598
CACTTCGACCAGTTCA,1,35,32,1221,598
CACTTCGACCGAAGTA,1,36,32,1256,598
CACTTCGACCGTGAGA,1,37,32,1291,598
CACTTCGACCTCCTGA,1,38,32,1325,598
CACTTCGACGAACTTA,1,39,32,1360,598
CACTTCGACGACTGGA,1,40,32,1395,598
CACTTCGACGCATACA,1,41,32,1429,598
CACTTCGACTCAATGA,1,42,32,1464,598
CACTTCGACTGAGCCA,1,43,32,1498,598
CACTTCGACTGGCATA,1,44,32,1533,598
CACTTCGAGAATCTGA,1,45,32,1568,598
CACTTCGACAAGACTA,1,46,32,1602,598
CACTTCGAGAGCTGAA,1,47,32,1637,598
CACTTCGAGATAGACA,1,48,32,1672,598
CACTTCGAGCCACATA,1,49,32,1706,598
CAGCGTTAAACGTGAT,1,0,33,9,563
CAGCGTTAAAACATCG,1,1,33,43,563
CAGCGTTAATGCCTAA,1,2,33,78,563
CAGCGTTAAGTGGTCA,1,3,33,113,563
CAGCGTTAACCACTGT,1,4,33,147,563
CAGCGTTAACATTGGC,1,5,33,182,563
CAGCGTTACAGATCTG,1,6,33,217,563
CAGCGTTACATCAAGT,1,7,33,251,563
CAGCGTTACGCTGATC,1,8,33,286,563
CAGCGTTAACAAGCTA,1,9,33,320,563
CAGCGTTACTGTAGCC,1,10,33,355,563
CAGCGTTAAGTACAAG,1,11,33,390,563
CAGCGTTAAACAACCA,1,12,33,424,563
CAGCGTTAAACCGAGA,1,13,33,459,563
CAGCGTTAAACGCTTA,1,14,33,494,563
CAGCGTTAAAGACGGA,1,15,33,528,563
CAGCGTTAAAGGTACA,1,16,33,563,563
CAGCGTTAACACAGAA,1,17,33,598,563
CAGCGTTAACAGCAGA,1,18,33,632,563
CAGCGTTAACCTCCAA,1,19,33,667,563
CAGCGTTAACGCTCGA,1,20,33,702,563
CAGCGTTAACGTATCA,1,21,33,736,563
CAGCGTTAACTATGCA,1,22,33,771,563
CAGCGTTAAGAGTCAA,1,23,33,806,563
CAGCGTTAAGATCGCA,1,24,33,840,563
CAGCGTTAAGCAGGAA,1,25,33,875,563
CAGCGTTAAGTCACTA,1,26,33,909,563
CAGCGTTAATCCTGTA,1,27,33,944,563
CAGCGTTAATTGAGGA,1,28,33,979,563
CAGCGTTACAACCACA,1,29,33,1013,563
CAGCGTTAGACTAGTA,1,30,33,1048,563
CAGCGTTACAATGGAA,1,31,33,1083,563
CAGCGTTACACTTCGA,1,32,33,1117,563
CAGCGTTACAGCGTTA,1,33,33,1152,563
CAGCGTTACATACCAA,1,34,33,1187,563
CAGCGTTACCAGTTCA,1,35,33,1221,563
CAGCGTTACCGAAGTA,1,36,33,1256,563
CAGCGTTACCGTGAGA,1,37,33,1291,563
CAGCGTTACCTCCTGA,1,38,33,1325,563
CAGCGTTACGAACTTA,1,39,33,1360,563
CAGCGTTACGACTGGA,1,40,33,1395,563
CAGCGTTACGCATACA,1,41,33,1429,563
CAGCGTTACTCAATGA,1,42,33,1464,563
CAGCGTTACTGAGCCA,1,43,33,1498,563
CAGCGTTACTGGCATA,1,44,33,1533,563
CAGCGTTAGAATCTGA,1,45,33,1568,563
CAGCGTTACAAGACTA,1,46,33,1602,563
CAGCGTTAGAGCTGAA,1,47,33,1637,563
CAGCGTTAGATAGACA,1,48,33,1672,563
CAGCGTTAGCCACATA,1,49,33,1706,563
CATACCAAAACGTGAT,1,0,34,9,528
CATACCAAAAACATCG,1,1,34,43,528
CATACCAAATGCCTAA,1,2,34,78,528
CATACCAAAGTGGTCA,1,3,34,113,528
CATACCAAACCACTGT,1,4,34,147,528
CATACCAAACATTGGC,1,5,34,182,528
CATACCAACAGATCTG,1,6,34,217,528
CATACCAACATCAAGT,1,7,34,251,528
CATACCAACGCTGATC,1,8,34,286,528
CATACCAAACAAGCTA,1,9,34,320,528
CATACCAACTGTAGCC,1,10,34,355,528
CATACCAAAGTACAAG,1,11,34,390,528
CATACCAAAACAACCA,1,12,34,424,528
CATACCAAAACCGAGA,1,13,34,459,528
CATACCAAAACGCTTA,1,14,34,494,528
CATACCAAAAGACGGA,1,15,34,528,528
CATACCAAAAGGTACA,1,16,34,563,528
CATACCAAACACAGAA,1,17,34,598,528
CATACCAAACAGCAGA,1,18,34,632,528
CATACCAAACCTCCAA,1,19,34,667,528
CATACCAAACGCTCGA,1,20,34,702,528
CATACCAAACGTATCA,1,21,34,736,528
CATACCAAACTATGCA,1,22,34,771,528
CATACCAAAGAGTCAA,1,23,34,806,528
CATACCAAAGATCGCA,1,24,34,840,528
CATACCAAAGCAGGAA,1,25,34,875,528
CATACCAAAGTCACTA,1,26,34,909,528
CATACCAAATCCTGTA,1,27,34,944,528
CATACCAAATTGAGGA,1,28,34,979,528
CATACCAACAACCACA,1,29,34,1013,528
CATACCAAGACTAGTA,1,30,34,1048,528
CATACCAACAATGGAA,1,31,34,1083,528
CATACCAACACTTCGA,1,32,34,1117,528
CATACCAACAGCGTTA,1,33,34,1152,528
CATACCAACATACCAA,1,34,34,1187,528
CATACCAACCAGTTCA,1,35,34,1221,528
CATACCAACCGAAGTA,1,36,34,1256,528
CATACCAACCGTGAGA,1,37,34,1291,528
CATACCAACCTCCTGA,1,38,34,1325,528
CATACCAACGAACTTA,1,39,34,1360,528
CATACCAACGACTGGA,1,40,34,1395,528
CATACCAACGCATACA,1,41,34,1429,528
CATACCAACTCAATGA,1,42,34,1464,528
CATACCAACTGAGCCA,1,43,34,1498,528
CATACCAACTGGCATA,1,44,34,1533,528
CATACCAAGAATCTGA,1,45,34,1568,528
CATACCAACAAGACTA,1,46,34,1602,528
CATACCAAGAGCTGAA,1,47,34,1637,528
CATACCAAGATAGACA,1,48,34,1672,528
CATACCAAGCCACATA,1,49,34,1706,528
CCAGTTCAAACGTGAT,1,0,35,9,494
CCAGTTCAAAACATCG,1,1,35,43,494
CCAGTTCAATGCCTAA,1,2,35,78,494
CCAGTTCAAGTGGTCA,1,3,35,113,494
CCAGTTCAACCACTGT,1,4,35,147,494
CCAGTTCAACATTGGC,1,5,35,182,494
CCAGTTCACAGATCTG,1,6,35,217,494
CCAGTTCACATCAAGT,1,7,35,251,494
CCAGTTCACGCTGATC,1,8,35,286,494
CCAGTTCAACAAGCTA,1,9,35,320,494
CCAGTTCACTGTAGCC,1,10,35,355,494
CCAGTTCAAGTACAAG,1,11,35,390,494
CCAGTTCAAACAACCA,1,12,35,424,494
CCAGTTCAAACCGAGA,1,13,35,459,494
CCAGTTCAAACGCTTA,1,14,35,494,494
CCAGTTCAAAGACGGA,1,15,35,528,494
CCAGTTCAAAGGTACA,1,16,35,563,494
CCAGTTCAACACAGAA,1,17,35,598,494
CCAGTTCAACAGCAGA,1,18,35,632,494
CCAGTTCAACCTCCAA,1,19,35,667,494
CCAGTTCAACGCTCGA,1,20,35,702,494
CCAGTTCAACGTATCA,1,21,35,736,494
CCAGTTCAACTATGCA,1,22,35,771,494
CCAGTTCAAGAGTCAA,1,23,35,806,494
CCAGTTCAAGATCGCA,1,24,35,840,494
CCAGTTCAAGCAGGAA,1,25,35,875,494
CCAGTTCAAGTCACTA,1,26,35,909,494
CCAGTTCAATCCTGTA,1,27,35,944,494
CCAGTTCAATTGAGGA,1,28,35,979,494
CCAGTTCACAACCACA,1,29,35,1013,494
CCAGTTCAGACTAGTA,1,30,35,1048,494
CCAGTTCACAATGGAA,1,31,35,1083,494
CCAGTTCACACTTCGA,1,32,35,1117,494
CCAGTTCACAGCGTTA,1,33,35,1152,494
CCAGTTCACATACCAA,1,34,35,1187,494
CCAGTTCACCAGTTCA,1,35,35,1221,494
CCAGTTCACCGAAGTA,1,36,35,1256,494
CCAGTTCACCGTGAGA,1,37,35,1291,494
CCAGTTCACCTCCTGA,1,38,35,1325,494
CCAGTTCACGAACTTA,1,39,35,1360,494
CCAGTTCACGACTGGA,1,40,35,1395,494
CCAGTTCACGCATACA,1,41,35,1429,494
CCAGTTCACTCAATGA,1,42,35,1464,494
CCAGTTCACTGAGCCA,1,43,35,1498,494
CCAGTTCACTGGCATA,1,44,35,1533,494
CCAGTTCAGAATCTGA,1,45,35,1568,494
CCAGTTCACAAGACTA,1,46,35,1602,494
CCAGTTCAGAGCTGAA,1,47,35,1637,494
CCAGTTCAGATAGACA,1,48,35,1672,494
CCAGTTCAGCCACATA,1,49,35,1706,494
CCGAAGTAAACGTGAT,1,0,36,9,459
CCGAAGTAAAACATCG,1,1,36,43,459
CCGAAGTAATGCCTAA,1,2,36,78,459
CCGAAGTAAGTGGTCA,1,3,36,113,459
CCGAAGTAACCACTGT,1,4,36,147,459
CCGAAGTAACATTGGC,1,5,36,182,459
CCGAAGTACAGATCTG,1,6,36,217,459
CCGAAGTACATCAAGT,1,7,36,251,459
CCGAAGTACGCTGATC,1,8,36,286,459
CCGAAGTAACAAGCTA,1,9,36,320,459
CCGAAGTACTGTAGCC,1,10,36,355,459
CCGAAGTAAGTACAAG,1,11,36,390,459
CCGAAGTAAACAACCA,1,12,36,424,459
CCGAAGTAAACCGAGA,1,13,36,459,459
CCGAAGTAAACGCTTA,1,14,36,494,459
CCGAAGTAAAGACGGA,1,15,36,528,459
CCGAAGTAAAGGTACA,1,16,36,563,459
CCGAAGTAACACAGAA,1,17,36,598,459
CCGAAGTAACAGCAGA,1,18,36,632,459
CCGAAGTAACCTCCAA,1,19,36,667,459
CCGAAGTAACGCTCGA,1,20,36,702,459
CCGAAGTAACGTATCA,1,21,36,736,459
CCGAAGTAACTATGCA,1,22,36,771,459
CCGAAGTAAGAGTCAA,1,23,36,806,459
CCGAAGTAAGATCGCA,1,24,36,840,459
CCGAAGTAAGCAGGAA,1,25,36,875,459
CCGAAGTAAGTCACTA,1,26,36,909,459
CCGAAGTAATCCTGTA,1,27,36,944,459
CCGAAGTAATTGAGGA,1,28,36,979,459
CCGAAGTACAACCACA,1,29,36,1013,459
CCGAAGTAGACTAGTA,1,30,36,1048,459
CCGAAGTACAATGGAA,1,31,36,1083,459
CCGAAGTACACTTCGA,1,32,36,1117,459
CCGAAGTACAGCGTTA,1,33,36,1152,459
CCGAAGTACATACCAA,1,34,36,1187,459
CCGAAGTACCAGTTCA,1,35,36,1221,459
CCGAAGTACCGAAGTA,1,36,36,1256,459
CCGAAGTACCGTGAGA,1,37,36,1291,459
CCGAAGTACCTCCTGA,1,38,36,1325,459
CCGAAGTACGAACTTA,1,39,36,1360,459
CCGAAGTACGACTGGA,1,40,36,1395,459
CCGAAGTACGCATACA,1,41,36,1429,459
CCGAAGTACTCAATGA,1,42,36,1464,459
CCGAAGTACTGAGCCA,1,43,36,1498,459
CCGAAGTACTGGCATA,1,44,36,1533,459
CCGAAGTAGAATCTGA,1,45,36,1568,459
CCGAAGTACAAGACTA,1,46,36,1602,459
CCGAAGTAGAGCTGAA,1,47,36,1637,459
CCGAAGTAGATAGACA,1,48,36,1672,459
CCGAAGTAGCCACATA,1,49,36,1706,459
CCGTGAGAAACGTGAT,1,0,37,9,424
CCGTGAGAAAACATCG,1,1,37,43,424
CCGTGAGAATGCCTAA,1,2,37,78,424
CCGTGAGAAGTGGTCA,1,3,37,113,424
CCGTGAGAACCACTGT,1,4,37,147,424
CCGTGAGAACATTGGC,1,5,37,182,424
CCGTGAGACAGATCTG,1,6,37,217,424
CCGTGAGACATCAAGT,1,7,37,251,424
CCGTGAGACGCTGATC,1,8,37,286,424
CCGTGAGAACAAGCTA,1,9,37,320,424
CCGTGAGACTGTAGCC,1,10,37,355,424
CCGTGAGAAGTACAAG,1,11,37,390,424
CCGTGAGAAACAACCA,1,12,37,424,424
CCGTGAGAAACCGAGA,1,13,37,459,424
CCGTGAGAAACGCTTA,1,14,37,494,424
CCGTGAGAAAGACGGA,1,15,37,528,424
CCGTGAGAAAGGTACA,1,16,37,563,424
CCGTGAGAACACAGAA,1,17,37,598,424
CCGTGAGAACAGCAGA,1,18,37,632,424
CCGTGAGAACCTCCAA,1,19,37,667,424
CCGTGAGAACGCTCGA,1,20,37,702,424
CCGTGAGAACGTATCA,1,21,37,736,424
CCGTGAGAACTATGCA,1,22,37,771,424
CCGTGAGAAGAGTCAA,1,23,37,806,424
CCGTGAGAAGATCGCA,1,24,37,840,424
CCGTGAGAAGCAGGAA,1,25,37,875,424
CCGTGAGAAGTCACTA,1,26,37,909,424
CCGTGAGAATCCTGTA,1,27,37,944,424
CCGTGAGAATTGAGGA,1,28,37,979,424
CCGTGAGACAACCACA,1,29,37,1013,424
CCGTGAGAGACTAGTA,1,30,37,1048,424
CCGTGAGACAATGGAA,1,31,37,1083,424
CCGTGAGACACTTCGA,1,32,37,1117,424
CCGTGAGACAGCGTTA,1,33,37,1152,424
CCGTGAGACATACCAA,1,34,37,1187,424
CCGTGAGACCAGTTCA,1,35,37,1221,424
CCGTGAGACCGAAGTA,1,36,37,1256,424
CCGTGAGACCGTGAGA,1,37,37,1291,424
CCGTGAGACCTCCTGA,1,38,37,1325,424
CCGTGAGACGAACTTA,1,39,37,1360,424
CCGTGAGACGACTGGA,1,40,37,1395,424
CCGTGAGACGCATACA,1,41,37,1429,424
CCGTGAGACTCAATGA,1,42,37,1464,424
CCGTGAGACTGAGCCA,1,43,37,1498,424
CCGTGAGACTGGCATA,1,44,37,1533,424
CCGTGAGAGAATCTGA,1,45,37,1568,424
CCGTGAGACAAGACTA,1,46,37,1602,424
CCGTGAGAGAGCTGAA,0,47,37,1637,424
CCGTGAGAGATAGACA,0,48,37,1672,424
CCGTGAGAGCCACATA,1,49,37,1706,424
CCTCCTGAAACGTGAT,1,0,38,9,390
CCTCCTGAAAACATCG,1,1,38,43,390
CCTCCTGAATGCCTAA,1,2,38,78,390
CCTCCTGAAGTGGTCA,1,3,38,113,390
CCTCCTGAACCACTGT,1,4,38,147,390
CCTCCTGAACATTGGC,1,5,38,182,390
CCTCCTGACAGATCTG,1,6,38,217,390
CCTCCTGACATCAAGT,1,7,38,251,390
CCTCCTGACGCTGATC,1,8,38,286,390
CCTCCTGAACAAGCTA,1,9,38,320,390
CCTCCTGACTGTAGCC,1,10,38,355,390
CCTCCTGAAGTACAAG,1,11,38,390,390
CCTCCTGAAACAACCA,1,12,38,424,390
CCTCCTGAAACCGAGA,1,13,38,459,390
CCTCCTGAAACGCTTA,1,14,38,494,390
CCTCCTGAAAGACGGA,1,15,38,528,390
CCTCCTGAAAGGTACA,1,16,38,563,390
CCTCCTGAACACAGAA,0,17,38,598,390
CCTCCTGAACAGCAGA,0,18,38,632,390
CCTCCTGAACCTCCAA,1,19,38,667,390
CCTCCTGAACGCTCGA,1,20,38,702,390
CCTCCTGAACGTATCA,1,21,38,736,390
CCTCCTGAACTATGCA,1,22,38,771,390
CCTCCTGAAGAGTCAA,1,23,38,806,390
CCTCCTGAAGATCGCA,1,24,38,840,390
CCTCCTGAAGCAGGAA,1,25,38,875,390
CCTCCTGAAGTCACTA,1,26,38,909,390
CCTCCTGAATCCTGTA,1,27,38,944,390
CCTCCTGAATTGAGGA,1,28,38,979,390
CCTCCTGACAACCACA,1,29,38,1013,390
CCTCCTGAGACTAGTA,0,30,38,1048,390
CCTCCTGACAATGGAA,0,31,38,1083,390
CCTCCTGACACTTCGA,0,32,38,1117,390
CCTCCTGACAGCGTTA,0,33,38,1152,390
CCTCCTGACATACCAA,1,34,38,1187,390
CCTCCTGACCAGTTCA,1,35,38,1221,390
CCTCCTGACCGAAGTA,1,36,38,1256,390
CCTCCTGACCGTGAGA,1,37,38,1291,390
CCTCCTGACCTCCTGA,1,38,38,1325,390
CCTCCTGACGAACTTA,1,39,38,1360,390
CCTCCTGACGACTGGA,1,40,38,1395,390
CCTCCTGACGCATACA,1,41,38,1429,390
CCTCCTGACTCAATGA,1,42,38,1464,390
CCTCCTGACTGAGCCA,1,43,38,1498,390
CCTCCTGACTGGCATA,1,44,38,1533,390
CCTCCTGAGAATCTGA,0,45,38,1568,390
CCTCCTGACAAGACTA,0,46,38,1602,390
CCTCCTGAGAGCTGAA,0,47,38,1637,390
CCTCCTGAGATAGACA,0,48,38,1672,390
CCTCCTGAGCCACATA,1,49,38,1706,390
CGAACTTAAACGTGAT,1,0,39,9,355
CGAACTTAAAACATCG,1,1,39,43,355
CGAACTTAATGCCTAA,1,2,39,78,355
CGAACTTAAGTGGTCA,1,3,39,113,355
CGAACTTAACCACTGT,1,4,39,147,355
CGAACTTAACATTGGC,1,5,39,182,355
CGAACTTACAGATCTG,1,6,39,217,355
CGAACTTACATCAAGT,1,7,39,251,355
CGAACTTACGCTGATC,1,8,39,286,355
CGAACTTAACAAGCTA,1,9,39,320,355
CGAACTTACTGTAGCC,1,10,39,355,355
CGAACTTAAGTACAAG,1,11,39,390,355
CGAACTTAAACAACCA,1,12,39,424,355
CGAACTTAAACCGAGA,1,13,39,459,355
CGAACTTAAACGCTTA,1,14,39,494,355
CGAACTTAAAGACGGA,1,15,39,528,355
CGAACTTAAAGGTACA,1,16,39,563,355
CGAACTTAACACAGAA,1,17,39,598,355
CGAACTTAACAGCAGA,0,18,39,632,355
CGAACTTAACCTCCAA,1,19,39,667,355
CGAACTTAACGCTCGA,1,20,39,702,355
CGAACTTAACGTATCA,1,21,39,736,355
CGAACTTAACTATGCA,1,22,39,771,355
CGAACTTAAGAGTCAA,1,23,39,806,355
CGAACTTAAGATCGCA,1,24,39,840,355
CGAACTTAAGCAGGAA,1,25,39,875,355
CGAACTTAAGTCACTA,1,26,39,909,355
CGAACTTAATCCTGTA,1,27,39,944,355
CGAACTTAATTGAGGA,1,28,39,979,355
CGAACTTACAACCACA,1,29,39,1013,355
CGAACTTAGACTAGTA,1,30,39,1048,355
CGAACTTACAATGGAA,0,31,39,1083,355
CGAACTTACACTTCGA,0,32,39,1117,355
CGAACTTACAGCGTTA,0,33,39,1152,355
CGAACTTACATACCAA,1,34,39,1187,355
CGAACTTACCAGTTCA,1,35,39,1221,355
CGAACTTACCGAAGTA,1,36,39,1256,355
CGAACTTACCGTGAGA,1,37,39,1291,355
CGAACTTACCTCCTGA,1,38,39,1325,355
CGAACTTACGAACTTA,1,39,39,1360,355
CGAACTTACGACTGGA,1,40,39,1395,355
CGAACTTACGCATACA,0,41,39,1429,355
CGAACTTACTCAATGA,0,42,39,1464,355
CGAACTTACTGAGCCA,0,43,39,1498,355
CGAACTTACTGGCATA,0,44,39,1533,355
CGAACTTAGAATCTGA,0,45,39,1568,355
CGAACTTACAAGACTA,0,46,39,1602,355
CGAACTTAGAGCTGAA,0,47,39,1637,355
CGAACTTAGATAGACA,0,48,39,1672,355
CGAACTTAGCCACATA,1,49,39,1706,355
CGACTGGAAACGTGAT,1,0,40,9,320
CGACTGGAAAACATCG,1,1,40,43,320
CGACTGGAATGCCTAA,1,2,40,78,320
CGACTGGAAGTGGTCA,1,3,40,113,320
CGACTGGAACCACTGT,1,4,40,147,320
CGACTGGAACATTGGC,1,5,40,182,320
CGACTGGACAGATCTG,1,6,40,217,320
CGACTGGACATCAAGT,1,7,40,251,320
CGACTGGACGCTGATC,1,8,40,286,320
CGACTGGAACAAGCTA,1,9,40,320,320
CGACTGGACTGTAGCC,1,10,40,355,320
CGACTGGAAGTACAAG,1,11,40,390,320
CGACTGGAAACAACCA,1,12,40,424,320
CGACTGGAAACCGAGA,1,13,40,459,320
CGACTGGAAACGCTTA,1,14,40,494,320
CGACTGGAAAGACGGA,1,15,40,528,320
CGACTGGAAAGGTACA,1,16,40,563,320
CGACTGGAACACAGAA,1,17,40,598,320
CGACTGGAACAGCAGA,0,18,40,632,320
CGACTGGAACCTCCAA,0,19,40,667,320
CGACTGGAACGCTCGA,1,20,40,702,320
CGACTGGAACGTATCA,1,21,40,736,320
CGACTGGAACTATGCA,1,22,40,771,320
CGACTGGAAGAGTCAA,1,23,40,806,320
CGACTGGAAGATCGCA,1,24,40,840,320
CGACTGGAAGCAGGAA,1,25,40,875,320
CGACTGGAAGTCACTA,1,26,40,909,320
CGACTGGAATCCTGTA,1,27,40,944,320
CGACTGGAATTGAGGA,1,28,40,979,320
CGACTGGACAACCACA,1,29,40,1013,320
CGACTGGAGACTAGTA,1,30,40,1048,320
CGACTGGACAATGGAA,1,31,40,1083,320
CGACTGGACACTTCGA,0,32,40,1117,320
CGACTGGACAGCGTTA,0,33,40,1152,320
CGACTGGACATACCAA,1,34,40,1187,320
CGACTGGACCAGTTCA,1,35,40,1221,320
CGACTGGACCGAAGTA,1,36,40,1256,320
CGACTGGACCGTGAGA,1,37,40,1291,320
CGACTGGACCTCCTGA,1,38,40,1325,320
CGACTGGACGAACTTA,1,39,40,1360,320
CGACTGGACGACTGGA,1,40,40,1395,320
CGACTGGACGCATACA,1,41,40,1429,320
CGACTGGACTCAATGA,0,42,40,1464,320
CGACTGGACTGAGCCA,0,43,40,1498,320
CGACTGGACTGGCATA,0,44,40,1533,320
CGACTGGAGAATCTGA,0,45,40,1568,320
CGACTGGACAAGACTA,0,46,40,1602,320
CGACTGGAGAGCTGAA,0,47,40,1637,320
CGACTGGAGATAGACA,0,48,40,1672,320
CGACTGGAGCCACATA,1,49,40,1706,320
CGCATACAAACGTGAT,1,0,41,9,286
CGCATACAAAACATCG,1,1,41,43,286
CGCATACAATGCCTAA,1,2,41,78,286
CGCATACAAGTGGTCA,1,3,41,113,286
CGCATACAACCACTGT,1,4,41,147,286
CGCATACAACATTGGC,1,5,41,182,286
CGCATACACAGATCTG,1,6,41,217,286
CGCATACACATCAAGT,1,7,41,251,286
CGCATACACGCTGATC,1,8,41,286,286
CGCATACAACAAGCTA,1,9,41,320,286
CGCATACACTGTAGCC,1,10,41,355,286
CGCATACAAGTACAAG,1,11,41,390,286
CGCATACAAACAACCA,1,12,41,424,286
CGCATACAAACCGAGA,1,13,41,459,286
CGCATACAAACGCTTA,1,14,41,494,286
CGCATACAAAGACGGA,1,15,41,528,286
CGCATACAAAGGTACA,1,16,41,563,286
CGCATACAACACAGAA,1,17,41,598,286
CGCATACAACAGCAGA,0,18,41,632,286
CGCATACAACCTCCAA,0,19,41,667,286
CGCATACAACGCTCGA,1,20,41,702,286
CGCATACAACGTATCA,1,21,41,736,286
CGCATACAACTATGCA,1,22,41,771,286
CGCATACAAGAGTCAA,1,23,41,806,286
CGCATACAAGATCGCA,1,24,41,840,286
CGCATACAAGCAGGAA,1,25,41,875,286
CGCATACAAGTCACTA,1,26,41,909,286
CGCATACAATCCTGTA,1,27,41,944,286
CGCATACAATTGAGGA,1,28,41,979,286
CGCATACACAACCACA,1,29,41,1013,286
CGCATACAGACTAGTA,1,30,41,1048,286
CGCATACACAATGGAA,1,31,41,1083,286
CGCATACACACTTCGA,1,32,41,1117,286
CGCATACACAGCGTTA,1,33,41,1152,286
CGCATACACATACCAA,1,34,41,1187,286
CGCATACACCAGTTCA,1,35,41,1221,286
CGCATACACCGAAGTA,1,36,41,1256,286
CGCATACACCGTGAGA,1,37,41,1291,286
CGCATACACCTCCTGA,1,38,41,1325,286
CGCATACACGAACTTA,1,39,41,1360,286
CGCATACACGACTGGA,1,40,41,1395,286
CGCATACACGCATACA,1,41,41,1429,286
CGCATACACTCAATGA,1,42,41,1464,286
CGCATACACTGAGCCA,0,43,41,1498,286
CGCATACACTGGCATA,0,44,41,1533,286
CGCATACAGAATCTGA,0,45,41,1568,286
CGCATACACAAGACTA,0,46,41,1602,286
CGCATACAGAGCTGAA,0,47,41,1637,286
CGCATACAGATAGACA,0,48,41,1672,286
CGCATACAGCCACATA,1,49,41,1706,286
CTCAATGAAACGTGAT,1,0,42,9,251
CTCAATGAAAACATCG,1,1,42,43,251
CTCAATGAATGCCTAA,1,2,42,78,251
CTCAATGAAGTGGTCA,1,3,42,113,251
CTCAATGAACCACTGT,1,4,42,147,251
CTCAATGAACATTGGC,1,5,42,182,251
CTCAATGACAGATCTG,1,6,42,217,251
CTCAATGACATCAAGT,1,7,42,251,251
CTCAATGACGCTGATC,1,8,42,286,251
CTCAATGAACAAGCTA,1,9,42,320,251
CTCAATGACTGTAGCC,1,10,42,355,251
CTCAATGAAGTACAAG,1,11,42,390,251
CTCAATGAAACAACCA,1,12,42,424,251
CTCAATGAAACCGAGA,1,13,42,459,251
CTCAATGAAACGCTTA,1,14,42,494,251
CTCAATGAAAGACGGA,1,15,42,528,251
CTCAATGAAAGGTACA,1,16,42,563,251
CTCAATGAACACAGAA,1,17,42,598,251
CTCAATGAACAGCAGA,0,18,42,632,251
CTCAATGAACCTCCAA,0,19,42,667,251
CTCAATGAACGCTCGA,0,20,42,702,251
CTCAATGAACGTATCA,1,21,42,736,251
CTCAATGAACTATGCA,1,22,42,771,251
CTCAATGAAGAGTCAA,1,23,42,806,251
CTCAATGAAGATCGCA,1,24,42,840,251
CTCAATGAAGCAGGAA,1,25,42,875,251
CTCAATGAAGTCACTA,1,26,42,909,251
CTCAATGAATCCTGTA,1,27,42,944,251
CTCAATGAATTGAGGA,1,28,42,979,251
CTCAATGACAACCACA,1,29,42,1013,251
CTCAATGAGACTAGTA,1,30,42,1048,251
CTCAATGACAATGGAA,1,31,42,1083,251
CTCAATGACACTTCGA,1,32,42,1117,251
CTCAATGACAGCGTTA,1,33,42,1152,251
CTCAATGACATACCAA,1,34,42,1187,251
CTCAATGACCAGTTCA,1,35,42,1221,251
CTCAATGACCGAAGTA,1,36,42,1256,251
CTCAATGACCGTGAGA,1,37,42,1291,251
CTCAATGACCTCCTGA,1,38,42,1325,251
CTCAATGACGAACTTA,1,39,42,1360,251
CTCAATGACGACTGGA,1,40,42,1395,251
CTCAATGACGCATACA,1,41,42,1429,251
CTCAATGACTCAATGA,1,42,42,1464,251
CTCAATGACTGAGCCA,1,43,42,1498,251
CTCAATGACTGGCATA,1,44,42,1533,251
CTCAATGAGAATCTGA,1,45,42,1568,251
CTCAATGACAAGACTA,1,46,42,1602,251
CTCAATGAGAGCTGAA,1,47,42,1637,251
CTCAATGAGATAGACA,1,48,42,1672,251
CTCAATGAGCCACATA,1,49,42,1706,251
CTGAGCCAAACGTGAT,1,0,43,9,217
CTGAGCCAAAACATCG,1,1,43,43,217
CTGAGCCAATGCCTAA,1,2,43,78,217
CTGAGCCAAGTGGTCA,1,3,43,113,217
CTGAGCCAACCACTGT,1,4,43,147,217
CTGAGCCAACATTGGC,1,5,43,182,217
CTGAGCCACAGATCTG,1,6,43,217,217
CTGAGCCACATCAAGT,1,7,43,251,217
CTGAGCCACGCTGATC,1,8,43,286,217
CTGAGCCAACAAGCTA,1,9,43,320,217
CTGAGCCACTGTAGCC,1,10,43,355,217
CTGAGCCAAGTACAAG,1,11,43,390,217
CTGAGCCAAACAACCA,1,12,43,424,217
CTGAGCCAAACCGAGA,1,13,43,459,217
CTGAGCCAAACGCTTA,1,14,43,494,217
CTGAGCCAAAGACGGA,1,15,43,528,217
CTGAGCCAAAGGTACA,1,16,43,563,217
CTGAGCCAACACAGAA,1,17,43,598,217
CTGAGCCAACAGCAGA,0,18,43,632,217
CTGAGCCAACCTCCAA,0,19,43,667,217
CTGAGCCAACGCTCGA,0,20,43,702,217
CTGAGCCAACGTATCA,1,21,43,736,217
CTGAGCCAACTATGCA,1,22,43,771,217
CTGAGCCAAGAGTCAA,1,23,43,806,217
CTGAGCCAAGATCGCA,1,24,43,840,217
CTGAGCCAAGCAGGAA,1,25,43,875,217
CTGAGCCAAGTCACTA,1,26,43,909,217
CTGAGCCAATCCTGTA,1,27,43,944,217
CTGAGCCAATTGAGGA,1,28,43,979,217
CTGAGCCACAACCACA,1,29,43,1013,217
CTGAGCCAGACTAGTA,1,30,43,1048,217
CTGAGCCACAATGGAA,1,31,43,1083,217
CTGAGCCACACTTCGA,1,32,43,1117,217
CTGAGCCACAGCGTTA,1,33,43,1152,217
CTGAGCCACATACCAA,1,34,43,1187,217
CTGAGCCACCAGTTCA,1,35,43,1221,217
CTGAGCCACCGAAGTA,1,36,43,1256,217
CTGAGCCACCGTGAGA,1,37,43,1291,217
CTGAGCCACCTCCTGA,1,38,43,1325,217
CTGAGCCACGAACTTA,1,39,43,1360,217
CTGAGCCACGACTGGA,1,40,43,1395,217
CTGAGCCACGCATACA,1,41,43,1429,217
CTGAGCCACTCAATGA,1,42,43,1464,217
CTGAGCCACTGAGCCA,1,43,43,1498,217
CTGAGCCACTGGCATA,1,44,43,1533,217
CTGAGCCAGAATCTGA,1,45,43,1568,217
CTGAGCCACAAGACTA,1,46,43,1602,217
CTGAGCCAGAGCTGAA,0,47,43,1637,217
CTGAGCCAGATAGACA,1,48,43,1672,217
CTGAGCCAGCCACATA,1,49,43,1706,217
CTGGCATAAACGTGAT,1,0,44,9,182
CTGGCATAAAACATCG,1,1,44,43,182
CTGGCATAATGCCTAA,1,2,44,78,182
CTGGCATAAGTGGTCA,1,3,44,113,182
CTGGCATAACCACTGT,1,4,44,147,182
CTGGCATAACATTGGC,1,5,44,182,182
CTGGCATACAGATCTG,1,6,44,217,182
CTGGCATACATCAAGT,1,7,44,251,182
CTGGCATACGCTGATC,1,8,44,286,182
CTGGCATAACAAGCTA,1,9,44,320,182
CTGGCATACTGTAGCC,1,10,44,355,182
CTGGCATAAGTACAAG,1,11,44,390,182
CTGGCATAAACAACCA,1,12,44,424,182
CTGGCATAAACCGAGA,1,13,44,459,182
CTGGCATAAACGCTTA,1,14,44,494,182
CTGGCATAAAGACGGA,1,15,44,528,182
CTGGCATAAAGGTACA,1,16,44,563,182
CTGGCATAACACAGAA,0,17,44,598,182
CTGGCATAACAGCAGA,0,18,44,632,182
CTGGCATAACCTCCAA,0,19,44,667,182
CTGGCATAACGCTCGA,0,20,44,702,182
CTGGCATAACGTATCA,1,21,44,736,182
CTGGCATAACTATGCA,1,22,44,771,182
CTGGCATAAGAGTCAA,1,23,44,806,182
CTGGCATAAGATCGCA,1,24,44,840,182
CTGGCATAAGCAGGAA,1,25,44,875,182
CTGGCATAAGTCACTA,1,26,44,909,182
CTGGCATAATCCTGTA,1,27,44,944,182
CTGGCATAATTGAGGA,1,28,44,979,182
CTGGCATACAACCACA,1,29,44,1013,182
CTGGCATAGACTAGTA,1,30,44,1048,182
CTGGCATACAATGGAA,1,31,44,1083,182
CTGGCATACACTTCGA,1,32,44,1117,182
CTGGCATACAGCGTTA,1,33,44,1152,182
CTGGCATACATACCAA,1,34,44,1187,182
CTGGCATACCAGTTCA,1,35,44,1221,182
CTGGCATACCGAAGTA,1,36,44,1256,182
CTGGCATACCGTGAGA,1,37,44,1291,182
CTGGCATACCTCCTGA,1,38,44,1325,182
CTGGCATACGAACTTA,1,39,44,1360,182
CTGGCATACGACTGGA,1,40,44,1395,182
CTGGCATACGCATACA,1,41,44,1429,182
CTGGCATACTCAATGA,1,42,44,1464,182
CTGGCATACTGAGCCA,1,43,44,1498,182
CTGGCATACTGGCATA,1,44,44,1533,182
CTGGCATAGAATCTGA,0,45,44,1568,182
CTGGCATACAAGACTA,1,46,44,1602,182
CTGGCATAGAGCTGAA,1,47,44,1637,182
CTGGCATAGATAGACA,1,48,44,1672,182
CTGGCATAGCCACATA,1,49,44,1706,182
GAATCTGAAACGTGAT,1,0,45,9,147
GAATCTGAAAACATCG,1,1,45,43,147
GAATCTGAATGCCTAA,1,2,45,78,147
GAATCTGAAGTGGTCA,1,3,45,113,147
GAATCTGAACCACTGT,1,4,45,147,147
GAATCTGAACATTGGC,1,5,45,182,147
GAATCTGACAGATCTG,1,6,45,217,147
GAATCTGACATCAAGT,1,7,45,251,147
GAATCTGACGCTGATC,1,8,45,286,147
GAATCTGAACAAGCTA,0,9,45,320,147
GAATCTGACTGTAGCC,0,10,45,355,147
GAATCTGAAGTACAAG,0,11,45,390,147
GAATCTGAAACAACCA,1,12,45,424,147
GAATCTGAAACCGAGA,1,13,45,459,147
GAATCTGAAACGCTTA,1,14,45,494,147
GAATCTGAAAGACGGA,1,15,45,528,147
GAATCTGAAAGGTACA,1,16,45,563,147
GAATCTGAACACAGAA,0,17,45,598,147
GAATCTGAACAGCAGA,0,18,45,632,147
GAATCTGAACCTCCAA,0,19,45,667,147
GAATCTGAACGCTCGA,0,20,45,702,147
GAATCTGAACGTATCA,1,21,45,736,147
GAATCTGAACTATGCA,1,22,45,771,147
GAATCTGAAGAGTCAA,1,23,45,806,147
GAATCTGAAGATCGCA,1,24,45,840,147
GAATCTGAAGCAGGAA,1,25,45,875,147
GAATCTGAAGTCACTA,1,26,45,909,147
GAATCTGAATCCTGTA,1,27,45,944,147
GAATCTGAATTGAGGA,1,28,45,979,147
GAATCTGACAACCACA,1,29,45,1013,147
GAATCTGAGACTAGTA,1,30,45,1048,147
GAATCTGACAATGGAA,1,31,45,1083,147
GAATCTGACACTTCGA,1,32,45,1117,147
GAATCTGACAGCGTTA,1,33,45,1152,147
GAATCTGACATACCAA,1,34,45,1187,147
GAATCTGACCAGTTCA,1,35,45,1221,147
GAATCTGACCGAAGTA,1,36,45,1256,147
GAATCTGACCGTGAGA,1,37,45,1291,147
GAATCTGACCTCCTGA,1,38,45,1325,147
GAATCTGACGAACTTA,1,39,45,1360,147
GAATCTGACGACTGGA,1,40,45,1395,147
GAATCTGACGCATACA,1,41,45,1429,147
GAATCTGACTCAATGA,1,42,45,1464,147
GAATCTGACTGAGCCA,1,43,45,1498,147
GAATCTGACTGGCATA,1,44,45,1533,147
GAATCTGAGAATCTGA,1,45,45,1568,147
GAATCTGACAAGACTA,1,46,45,1602,147
GAATCTGAGAGCTGAA,1,47,45,1637,147
GAATCTGAGATAGACA,1,48,45,1672,147
GAATCTGAGCCACATA,1,49,45,1706,147
CAAGACTAAACGTGAT,1,0,46,9,113
CAAGACTAAAACATCG,1,1,46,43,113
CAAGACTAATGCCTAA,1,2,46,78,113
CAAGACTAAGTGGTCA,1,3,46,113,113
CAAGACTAACCACTGT,1,4,46,147,113
CAAGACTAACATTGGC,1,5,46,182,113
CAAGACTACAGATCTG,0,6,46,217,113
CAAGACTACATCAAGT,0,7,46,251,113
CAAGACTACGCTGATC,0,8,46,286,113
CAAGACTAACAAGCTA,0,9,46,320,113
CAAGACTACTGTAGCC,0,10,46,355,113
CAAGACTAAGTACAAG,1,11,46,390,113
CAAGACTAAACAACCA,1,12,46,424,113
CAAGACTAAACCGAGA,1,13,46,459,113
CAAGACTAAACGCTTA,1,14,46,494,113
CAAGACTAAAGACGGA,1,15,46,528,113
CAAGACTAAAGGTACA,1,16,46,563,113
CAAGACTAACACAGAA,0,17,46,598,113
CAAGACTAACAGCAGA,0,18,46,632,113
CAAGACTAACCTCCAA,0,19,46,667,113
CAAGACTAACGCTCGA,1,20,46,702,113
CAAGACTAACGTATCA,1,21,46,736,113
CAAGACTAACTATGCA,1,22,46,771,113
CAAGACTAAGAGTCAA,1,23,46,806,113
CAAGACTAAGATCGCA,1,24,46,840,113
CAAGACTAAGCAGGAA,1,25,46,875,113
CAAGACTAAGTCACTA,1,26,46,909,113
CAAGACTAATCCTGTA,1,27,46,944,113
CAAGACTAATTGAGGA,1,28,46,979,113
CAAGACTACAACCACA,1,29,46,1013,113
CAAGACTAGACTAGTA,1,30,46,1048,113
CAAGACTACAATGGAA,1,31,46,1083,113
CAAGACTACACTTCGA,1,32,46,1117,113
CAAGACTACAGCGTTA,1,33,46,1152,113
CAAGACTACATACCAA,1,34,46,1187,113
CAAGACTACCAGTTCA,1,35,46,1221,113
CAAGACTACCGAAGTA,1,36,46,1256,113
CAAGACTACCGTGAGA,1,37,46,1291,113
CAAGACTACCTCCTGA,1,38,46,1325,113
CAAGACTACGAACTTA,1,39,46,1360,113
CAAGACTACGACTGGA,1,40,46,1395,113
CAAGACTACGCATACA,1,41,46,1429,113
CAAGACTACTCAATGA,1,42,46,1464,113
CAAGACTACTGAGCCA,1,43,46,1498,113
CAAGACTACTGGCATA,1,44,46,1533,113
CAAGACTAGAATCTGA,1,45,46,1568,113
CAAGACTACAAGACTA,1,46,46,1602,113
CAAGACTAGAGCTGAA,1,47,46,1637,113
CAAGACTAGATAGACA,1,48,46,1672,113
CAAGACTAGCCACATA,1,49,46,1706,113
GAGCTGAAAACGTGAT,1,0,47,9,78
GAGCTGAAAAACATCG,1,1,47,43,78
GAGCTGAAATGCCTAA,1,2,47,78,78
GAGCTGAAAGTGGTCA,1,3,47,113,78
GAGCTGAAACCACTGT,1,4,47,147,78
GAGCTGAAACATTGGC,1,5,47,182,78
GAGCTGAACAGATCTG,0,6,47,217,78
GAGCTGAACATCAAGT,0,7,47,251,78
GAGCTGAACGCTGATC,0,8,47,286,78
GAGCTGAAACAAGCTA,0,9,47,320,78
GAGCTGAACTGTAGCC,0,10,47,355,78
GAGCTGAAAGTACAAG,1,11,47,390,78
GAGCTGAAAACAACCA,1,12,47,424,78
GAGCTGAAAACCGAGA,1,13,47,459,78
GAGCTGAAAACGCTTA,1,14,47,494,78
GAGCTGAAAAGACGGA,1,15,47,528,78
GAGCTGAAAAGGTACA,0,16,47,563,78
GAGCTGAAACACAGAA,0,17,47,598,78
GAGCTGAAACAGCAGA,1,18,47,632,78
GAGCTGAAACCTCCAA,1,19,47,667,78
GAGCTGAAACGCTCGA,1,20,47,702,78
GAGCTGAAACGTATCA,1,21,47,736,78
GAGCTGAAACTATGCA,1,22,47,771,78
GAGCTGAAAGAGTCAA,1,23,47,806,78
GAGCTGAAAGATCGCA,1,24,47,840,78
GAGCTGAAAGCAGGAA,1,25,47,875,78
GAGCTGAAAGTCACTA,1,26,47,909,78
GAGCTGAAATCCTGTA,1,27,47,944,78
GAGCTGAAATTGAGGA,1,28,47,979,78
GAGCTGAACAACCACA,1,29,47,1013,78
GAGCTGAAGACTAGTA,1,30,47,1048,78
GAGCTGAACAATGGAA,1,31,47,1083,78
GAGCTGAACACTTCGA,1,32,47,1117,78
GAGCTGAACAGCGTTA,1,33,47,1152,78
GAGCTGAACATACCAA,1,34,47,1187,78
GAGCTGAACCAGTTCA,1,35,47,1221,78
GAGCTGAACCGAAGTA,1,36,47,1256,78
GAGCTGAACCGTGAGA,1,37,47,1291,78
GAGCTGAACCTCCTGA,1,38,47,1325,78
GAGCTGAACGAACTTA,1,39,47,1360,78
GAGCTGAACGACTGGA,1,40,47,1395,78
GAGCTGAACGCATACA,1,41,47,1429,78
GAGCTGAACTCAATGA,1,42,47,1464,78
GAGCTGAACTGAGCCA,1,43,47,1498,78
GAGCTGAACTGGCATA,1,44,47,1533,78
GAGCTGAAGAATCTGA,1,45,47,1568,78
GAGCTGAACAAGACTA,1,46,47,1602,78
GAGCTGAAGAGCTGAA,1,47,47,1637,78
GAGCTGAAGATAGACA,1,48,47,1672,78
GAGCTGAAGCCACATA,1,49,47,1706,78
GATAGACAAACGTGAT,1,0,48,9,43
GATAGACAAAACATCG,1,1,48,43,43
GATAGACAATGCCTAA,1,2,48,78,43
GATAGACAAGTGGTCA,1,3,48,113,43
GATAGACAACCACTGT,1,4,48,147,43
GATAGACAACATTGGC,1,5,48,182,43
GATAGACACAGATCTG,0,6,48,217,43
GATAGACACATCAAGT,0,7,48,251,43
GATAGACACGCTGATC,0,8,48,286,43
GATAGACAACAAGCTA,0,9,48,320,43
GATAGACACTGTAGCC,1,10,48,355,43
GATAGACAAGTACAAG,1,11,48,390,43
GATAGACAAACAACCA,1,12,48,424,43
GATAGACAAACCGAGA,1,13,48,459,43
GATAGACAAACGCTTA,1,14,48,494,43
GATAGACAAAGACGGA,1,15,48,528,43
GATAGACAAAGGTACA,0,16,48,563,43
GATAGACAACACAGAA,0,17,48,598,43
GATAGACAACAGCAGA,1,18,48,632,43
GATAGACAACCTCCAA,1,19,48,667,43
GATAGACAACGCTCGA,1,20,48,702,43
GATAGACAACGTATCA,1,21,48,736,43
GATAGACAACTATGCA,1,22,48,771,43
GATAGACAAGAGTCAA,1,23,48,806,43
GATAGACAAGATCGCA,1,24,48,840,43
GATAGACAAGCAGGAA,1,25,48,875,43
GATAGACAAGTCACTA,1,26,48,909,43
GATAGACAATCCTGTA,1,27,48,944,43
GATAGACAATTGAGGA,1,28,48,979,43
GATAGACACAACCACA,1,29,48,1013,43
GATAGACAGACTAGTA,1,30,48,1048,43
GATAGACACAATGGAA,1,31,48,1083,43
GATAGACACACTTCGA,1,32,48,1117,43
GATAGACACAGCGTTA,0,33,48,1152,43
GATAGACACATACCAA,0,34,48,1187,43
GATAGACACCAGTTCA,1,35,48,1221,43
GATAGACACCGAAGTA,1,36,48,1256,43
GATAGACACCGTGAGA,1,37,48,1291,43
GATAGACACCTCCTGA,0,38,48,1325,43
GATAGACACGAACTTA,0,39,48,1360,43
GATAGACACGACTGGA,0,40,48,1395,43
GATAGACACGCATACA,1,41,48,1429,43
GATAGACACTCAATGA,1,42,48,1464,43
GATAGACACTGAGCCA,1,43,48,1498,43
GATAGACACTGGCATA,1,44,48,1533,43
GATAGACAGAATCTGA,1,45,48,1568,43
GATAGACACAAGACTA,1,46,48,1602,43
GATAGACAGAGCTGAA,1,47,48,1637,43
GATAGACAGATAGACA,1,48,48,1672,43
GATAGACAGCCACATA,1,49,48,1706,43
GCCACATAAACGTGAT,1,0,49,9,9
GCCACATAAAACATCG,1,1,49,43,9
GCCACATAATGCCTAA,1,2,49,78,9
GCCACATAAGTGGTCA,1,3,49,113,9
GCCACATAACCACTGT,1,4,49,147,9
GCCACATAACATTGGC,1,5,49,182,9
GCCACATACAGATCTG,1,6,49,217,9
GCCACATACATCAAGT,0,7,49,251,9
GCCACATACGCTGATC,0,8,49,286,9
GCCACATAACAAGCTA,0,9,49,320,9
GCCACATACTGTAGCC,1,10,49,355,9
GCCACATAAGTACAAG,1,11,49,390,9
GCCACATAAACAACCA,1,12,49,424,9
GCCACATAAACCGAGA,1,13,49,459,9
GCCACATAAACGCTTA,1,14,49,494,9
GCCACATAAAGACGGA,0,15,49,528,9
GCCACATAAAGGTACA,0,16,49,563,9
GCCACATAACACAGAA,1,17,49,598,9
GCCACATAACAGCAGA,1,18,49,632,9
GCCACATAACCTCCAA,1,19,49,667,9
GCCACATAACGCTCGA,1,20,49,702,9
GCCACATAACGTATCA,1,21,49,736,9
GCCACATAACTATGCA,1,22,49,771,9
GCCACATAAGAGTCAA,1,23,49,806,9
GCCACATAAGATCGCA,1,24,49,840,9
GCCACATAAGCAGGAA,1,25,49,875,9
GCCACATAAGTCACTA,1,26,49,909,9
GCCACATAATCCTGTA,1,27,49,944,9
GCCACATAATTGAGGA,1,28,49,979,9
GCCACATACAACCACA,1,29,49,1013,9
GCCACATAGACTAGTA,1,30,49,1048,9
GCCACATACAATGGAA,1,31,49,1083,9
GCCACATACACTTCGA,1,32,49,1117,9
GCCACATACAGCGTTA,0,33,49,1152,9
GCCACATACATACCAA,0,34,49,1187,9
GCCACATACCAGTTCA,0,35,49,1221,9
GCCACATACCGAAGTA,0,36,49,1256,9
GCCACATACCGTGAGA,0,37,49,1291,9
GCCACATACCTCCTGA,0,38,49,1325,9
GCCACATACGAACTTA,0,39,49,1360,9
GCCACATACGACTGGA,0,40,49,1395,9
GCCACATACGCATACA,0,41,49,1429,9
GCCACATACTCAATGA,1,42,49,1464,9
GCCACATACTGAGCCA,1,43,49,1498,9
GCCACATACTGGCATA,1,44,49,1533,9
GCCACATAGAATCTGA,1,45,49,1568,9
GCCACATACAAGACTA,1,46,49,1602,9
GCCACATAGAGCTGAA,1,47,49,1637,9
GCCACATAGATAGACA,1,48,49,1672,9
GCCACATAGCCACATA,1,49,49,1706,9
